-- phpMyAdmin SQL Dump
-- version 4.9.4
-- https://www.phpmyadmin.net/
--
-- Host: localhost:3306
-- Generation Time: Apr 12, 2021 at 12:28 PM
-- Server version: 5.6.49-cll-lve
-- PHP Version: 7.3.6

SET SQL_MODE = "NO_AUTO_VALUE_ON_ZERO";
SET AUTOCOMMIT = 0;
START TRANSACTION;
SET time_zone = "+00:00";


/*!40101 SET @OLD_CHARACTER_SET_CLIENT=@@CHARACTER_SET_CLIENT */;
/*!40101 SET @OLD_CHARACTER_SET_RESULTS=@@CHARACTER_SET_RESULTS */;
/*!40101 SET @OLD_COLLATION_CONNECTION=@@COLLATION_CONNECTION */;
/*!40101 SET NAMES utf8mb4 */;

--
-- Database: `csgocasestats`
--

-- --------------------------------------------------------

--
-- Table structure for table `cases`
--

CREATE TABLE `cases` (
  `case_id` int(255) NOT NULL,
  `collection_id` int(255) NOT NULL,
  `case_name` varchar(255) NOT NULL,
  `povprecje` float(254,2) NOT NULL,
  `returnRate` float(254,2) NOT NULL,
  `price` float(254,2) NOT NULL,
  `volume` int(255) NOT NULL
) ENGINE=InnoDB DEFAULT CHARSET=utf8mb4;

--
-- Dumping data for table `cases`
--

INSERT INTO `cases` (`case_id`, `collection_id`, `case_name`, `povprecje`, `returnRate`, `price`, `volume`) VALUES
(1, 1, 'Operation Bravo Case', 13.02, 39.88, 30.16, 199),
(2, 1, 'CS:GO Weapon Case', 21.43, 53.55, 37.53, 185),
(3, 1, 'eSports 2013 Case', 6.54, 22.30, 26.86, 20),
(4, 1, 'CS:GO Weapon Case 2', 6.18, 86.64, 4.64, 293),
(5, 2, 'Gamma Case', 2.22, 80.58, 0.26, 24004),
(6, 2, 'Gamma 2 Case', 2.02, 72.57, 0.29, 41943),
(7, 1, 'CS:GO Weapon Case 3', 5.48, 103.06, 2.83, 396),
(8, 3, 'Chroma 2 Case', 2.07, 75.04, 0.27, 16366),
(9, 1, 'Revolver Case', 2.32, 90.74, 0.07, 33066),
(10, 4, 'Operation Wildfire Case', 2.22, 79.73, 0.30, 5344),
(11, 1, 'eSports 2013 Winter Case', 4.93, 81.46, 3.56, 335),
(12, 5, 'Prisma 2 Case', 1.55, 61.10, 0.05, 75377),
(13, 3, 'Chroma Case', 2.20, 65.96, 0.85, 3004),
(14, 5, 'Prisma Case', 1.51, 59.56, 0.05, 87284),
(15, 6, 'Spectrum Case', 1.61, 53.26, 0.53, 16316),
(16, 7, 'CS20 Case', 2.68, 103.45, 0.10, 29519),
(17, 8, 'Huntsman Weapon Case', 3.59, 60.76, 3.41, 562),
(18, 16, 'Shadow Case', 2.24, 84.03, 0.17, 7693),
(19, 3, 'Chroma 3 Case', 1.72, 66.70, 0.09, 35838),
(20, 9, 'Shattered Web Case', 1.82, 53.36, 0.93, 5579),
(21, 1, 'Operation Vanguard Weapon Case', 2.41, 76.54, 0.66, 1229),
(22, 10, 'Falchion Case', 1.92, 70.25, 0.24, 5043),
(23, 1, 'eSports 2014 Summer Case', 3.60, 61.73, 3.35, 335),
(24, 13, 'Clutch Case', 1.43, 51.94, 0.26, 121872),
(25, 6, 'Spectrum 2 Case', 1.21, 45.49, 0.18, 58017),
(26, 1, 'Operation Phoenix Weapon Case', 2.46, 73.54, 0.86, 5248),
(27, 12, 'Glove Case', 2.36, 64.07, 1.19, 17681),
(28, 14, 'Horizon Case', 1.74, 67.69, 0.08, 29939),
(29, 1, 'Winter Offensive Weapon Case', 3.94, 62.57, 3.81, 351),
(30, 11, 'Operation Breakout Weapon Case', 1.33, 31.64, 1.72, 13737),
(31, 14, 'Danger Zone Case', 1.61, 63.16, 0.06, 144085),
(32, 12, 'Operation Hydra Case', 6.50, 60.64, 8.23, 459),
(33, 9, 'Fracture Case', 1.71, 57.39, 0.49, 104574),
(34, 15, 'Operation Broken Fang Case', 1.62, 52.51, 0.60, 186381);

-- --------------------------------------------------------

--
-- Table structure for table `collections`
--

CREATE TABLE `collections` (
  `collection_id` int(11) NOT NULL,
  `povprecje` float(254,2) NOT NULL
) ENGINE=InnoDB DEFAULT CHARSET=utf8mb4;

--
-- Dumping data for table `collections`
--

INSERT INTO `collections` (`collection_id`, `povprecje`) VALUES
(1, 441.95),
(2, 602.92),
(3, 466.76),
(4, 285.29),
(5, 295.10),
(6, 262.26),
(7, 735.84),
(8, 490.02),
(9, 205.42),
(10, 203.87),
(11, 279.90),
(12, 668.39),
(13, 390.88),
(14, 321.81),
(15, 213.17),
(16, 322.86);

-- --------------------------------------------------------

--
-- Table structure for table `daily`
--

CREATE TABLE `daily` (
  `id` int(255) NOT NULL,
  `skins` int(255) NOT NULL,
  `cases` int(255) NOT NULL,
  `skins2` int(255) NOT NULL,
  `spitems` int(255) NOT NULL
) ENGINE=InnoDB DEFAULT CHARSET=utf8mb4;

--
-- Dumping data for table `daily`
--

INSERT INTO `daily` (`id`, `skins`, `cases`, `skins2`, `spitems`) VALUES
(1, 23, 30, 257, 129);

-- --------------------------------------------------------

--
-- Table structure for table `odds`
--

CREATE TABLE `odds` (
  `odds_id` int(255) NOT NULL,
  `minFloat` float(254,2) NOT NULL,
  `maxFloat` float(254,2) NOT NULL,
  `FactoryNewO` float(254,4) NOT NULL,
  `MinimalWearO` float(254,4) NOT NULL,
  `FieldTestedO` float(254,4) NOT NULL,
  `WellWormO` float(254,4) NOT NULL,
  `BattleScaredO` float(254,4) NOT NULL
) ENGINE=InnoDB DEFAULT CHARSET=utf8mb4;

--
-- Dumping data for table `odds`
--

INSERT INTO `odds` (`odds_id`, `minFloat`, `maxFloat`, `FactoryNewO`, `MinimalWearO`, `FieldTestedO`, `WellWormO`, `BattleScaredO`) VALUES
(1, 0.00, 1.00, 0.0300, 0.2400, 0.3300, 0.2400, 0.1600),
(2, 0.06, 0.80, 0.0058, 0.1791, 0.5949, 0.0826, 0.1376),
(3, 0.00, 0.50, 0.2400, 0.2452, 0.4450, 0.0407, 0.0291),
(4, 0.00, 0.20, 0.5570, 0.3703, 0.0727, 0.0000, 0.0000),
(5, 0.00, 0.40, 0.3059, 0.2870, 0.3926, 0.0145, 0.0000),
(6, 0.00, 0.28, 0.4135, 0.4514, 0.1351, 0.0000, 0.0000),
(7, 0.00, 0.30, 0.3896, 0.4649, 0.1455, 0.0000, 0.0000),
(8, 0.00, 0.14, 0.8545, 0.1455, 0.0000, 0.0000, 0.0000),
(9, 0.00, 0.08, 0.9636, 0.0364, 0.0000, 0.0000, 0.0000),
(10, 0.00, 0.12, 0.8788, 0.1212, 0.0000, 0.0000, 0.0000),
(11, 0.00, 0.25, 0.4565, 0.4271, 0.1164, 0.0000, 0.0000),
(12, 0.00, 0.70, 0.1200, 0.2422, 0.5048, 0.0291, 0.1039),
(13, 0.00, 0.58, 0.1821, 0.2437, 0.4739, 0.0351, 0.0652),
(14, 0.00, 0.80, 0.0825, 0.2413, 0.5234, 0.0255, 0.1273),
(15, 0.00, 0.75, 0.1000, 0.2417, 0.5148, 0.0271, 0.1273),
(16, 0.00, 0.45, 0.2780, 0.2551, 0.4216, 0.0453, 0.0000),
(17, 0.00, 0.60, 0.1700, 0.2435, 0.4798, 0.0340, 0.0727),
(18, 0.00, 0.35, 0.3417, 0.4248, 0.2335, 0.0000, 0.0000),
(19, 0.00, 0.90, 0.0533, 0.2406, 0.4509, 0.1097, 0.1455),
(20, 0.00, 0.92, 0.0483, 0.2404, 0.4246, 0.1381, 0.1486),
(21, 0.00, 0.46, 0.2731, 0.2495, 0.4268, 0.0443, 0.0063),
(22, 0.00, 0.68, 0.1288, 0.2425, 0.5004, 0.0299, 0.0984),
(23, 0.00, 0.04, 1.0000, 0.0000, 0.0000, 0.0000, 0.0000),
(24, 0.00, 0.38, 0.3191, 0.3314, 0.3495, 0.0000, 0.0000),
(25, 0.10, 0.26, 0.0000, 0.5030, 0.4970, 0.0000, 0.0000),
(26, 0.08, 0.22, 0.0000, 0.6218, 0.3782, 0.0000, 0.0000),
(27, 0.02, 0.18, 0.5032, 0.4423, 0.0545, 0.0000, 0.0000),
(28, 0.06, 0.28, 0.0195, 0.6802, 0.3003, 0.0000, 0.0000),
(29, 0.08, 0.32, 0.0000, 0.4733, 0.5267, 0.0000, 0.0000),
(30, 0.06, 0.20, 0.0343, 0.8618, 0.1039, 0.0000, 0.0000),
(31, 0.06, 0.22, 0.0268, 0.8459, 0.1273, 0.0000, 0.0000),
(32, 0.06, 0.34, 0.0153, 0.5007, 0.4840, 0.0000, 0.0000),
(33, 0.10, 0.22, 0.0000, 0.7257, 0.2743, 0.0000, 0.0000),
(34, 0.06, 0.42, 0.0119, 0.4016, 0.5542, 0.0323, 0.0000),
(35, 0.06, 0.52, 0.0093, 0.3262, 0.5760, 0.0443, 0.0442),
(36, 0.06, 0.76, 0.0061, 0.1996, 0.6364, 0.0291, 0.1288),
(37, 0.02, 0.40, 0.2147, 0.3309, 0.4391, 0.0153, 0.0000),
(38, 0.06, 0.58, 0.0082, 0.2949, 0.5850, 0.0392, 0.0727),
(39, 0.05, 0.45, 0.0214, 0.3921, 0.5356, 0.0509, 0.0000),
(40, 0.10, 0.60, 0.0000, 0.1200, 0.7520, 0.0407, 0.0873),
(41, 0.05, 0.50, 0.0190, 0.3546, 0.5488, 0.0453, 0.0323),
(42, 0.10, 0.40, 0.0000, 0.2939, 0.6867, 0.0194, 0.0000),
(43, 0.18, 1.00, 0.0000, 0.0000, 0.4047, 0.1225, 0.4728),
(44, 0.05, 0.75, 0.0122, 0.2364, 0.5976, 0.0291, 0.1247),
(45, 0.10, 0.70, 0.0000, 0.0700, 0.7748, 0.0340, 0.1212),
(46, 0.10, 1.00, 0.0000, 0.0238, 0.4774, 0.1293, 0.3695),
(47, 0.08, 0.75, 0.0000, 0.1334, 0.6389, 0.0374, 0.1303),
(48, 0.15, 0.80, 0.0000, 0.0000, 0.5624, 0.2809, 0.1567),
(49, 0.03, 0.50, 0.0753, 0.3458, 0.5046, 0.0433, 0.0310),
(50, 0.08, 0.50, 0.0000, 0.2939, 0.6230, 0.0485, 0.0346),
(51, 0.06, 0.30, 0.0179, 0.5749, 0.4072, 0.0000, 0.0000),
(52, 0.06, 0.90, 0.0058, 0.1791, 0.5949, 0.0826, 0.1376),
(53, 0.02, 0.46, 0.1609, 0.3178, 0.4684, 0.0463, 0.0066),
(54, 0.06, 0.35, 0.0148, 0.4853, 0.4999, 0.0000, 0.0000),
(55, 0.06, 0.49, 0.0100, 0.3451, 0.5705, 0.0474, 0.0270),
(56, 0.02, 0.25, 0.3667, 0.5068, 0.1265, 0.0000, 0.0000),
(57, 0.05, 0.70, 0.0132, 0.2623, 0.5813, 0.0313, 0.1119),
(58, 0.00, 0.47, 0.2668, 0.2459, 0.4316, 0.0433, 0.0124),
(59, 0.10, 0.20, 0.0000, 0.8545, 0.1455, 0.0000, 0.0000),
(60, 0.35, 0.85, 0.0000, 0.0000, 0.0257, 0.3160, 0.6583),
(61, 0.00, 0.55, 0.2018, 0.2443, 0.4640, 0.0370, 0.0529),
(62, 0.25, 0.35, 0.0000, 0.0000, 1.0000, 0.0000, 0.0000),
(63, 0.10, 0.90, 0.0000, 0.0268, 0.5302, 0.2401, 0.2029),
(64, 0.10, 0.85, 0.0000, 0.0286, 0.5618, 0.2544, 0.1552),
(65, 0.14, 0.65, 0.0000, 0.0840, 0.8376, 0.0399, 0.1141),
(66, 0.00, 0.52, 0.2238, 0.2449, 0.4530, 0.0392, 0.0391),
(67, 0.00, 0.32, 0.3686, 0.4769, 0.1545, 0.0000, 0.0000),
(68, 0.00, 0.62, 0.1587, 0.2432, 0.4855, 0.0328, 0.0798),
(69, 0.00, 0.64, 0.1481, 0.2430, 0.4907, 0.0318, 0.0864),
(70, 0.02, 0.87, 0.0252, 0.2490, 0.4750, 0.1071, 0.1437),
(71, 0.00, 0.44, 0.2830, 0.2609, 0.4164, 0.0397, 0.0000),
(72, 0.00, 0.65, 0.1431, 0.2428, 0.4933, 0.0313, 0.0895),
(73, 0.14, 0.85, 0.0000, 0.0060, 0.5338, 0.2543, 0.2059),
(74, 0.00, 0.67, 0.1334, 0.2426, 0.4981, 0.0304, 0.0955),
(75, 0.00, 0.61, 0.1643, 0.2433, 0.4827, 0.0334, 0.0763),
(76, 0.00, 0.76, 0.0963, 0.2417, 0.5165, 0.0268, 0.1187),
(77, 0.40, 1.00, 0.0000, 0.0000, 0.0000, 0.0700, 0.9300),
(78, 0.00, 0.81, 0.0793, 0.2412, 0.5251, 0.0251, 0.1293),
(79, 0.00, 0.43, 0.2884, 0.2669, 0.4109, 0.0338, 0.0000),
(80, 0.00, 0.77, 0.0927, 0.2416, 0.5184, 0.0264, 0.1209),
(81, 0.00, 0.99, 0.0321, 0.2401, 0.3410, 0.2281, 0.1587),
(82, 0.05, 0.80, 0.0114, 0.2086, 0.5857, 0.0585, 0.1358),
(83, 0.00, 0.66, 0.1382, 0.2427, 0.4957, 0.0309, 0.0925),
(84, 0.00, 0.63, 0.1533, 0.2431, 0.4882, 0.0323, 0.0831),
(85, 0.00, 0.54, 0.2089, 0.2444, 0.4605, 0.0377, 0.0485),
(86, 0.01, 0.26, 0.3991, 0.4729, 0.1280, 0.0000, 0.0000),
(87, 0.00, 0.85, 0.0671, 0.2409, 0.5219, 0.0332, 0.1369),
(88, 0.00, 0.57, 0.1884, 0.2440, 0.4706, 0.0358, 0.0612),
(89, 0.14, 1.00, 0.0000, 0.0050, 0.4502, 0.1168, 0.4280),
(90, 0.10, 0.65, 0.0000, 0.0927, 0.7645, 0.0370, 0.1058),
(91, 0.06, 1.00, 0.0046, 0.1026, 0.4360, 0.1764, 0.2804),
(92, 0.00, 0.86, 0.0642, 0.2408, 0.5071, 0.0492, 0.1387),
(93, 0.00, 0.51, 0.2318, 0.2450, 0.4491, 0.0399, 0.0342),
(94, 0.25, 0.80, 0.0000, 0.0000, 0.3939, 0.1826, 0.4235),
(95, 0.14, 0.65, 0.0000, 0.0084, 0.8376, 0.0399, 0.1141),
(96, 0.05, 1.00, 0.0090, 0.1268, 0.4174, 0.1876, 0.2592),
(97, 0.00, 0.72, 0.1117, 0.2420, 0.5089, 0.0283, 0.1091),
(98, 0.00, 0.84, 0.0700, 0.2410, 0.5297, 0.0242, 0.1351),
(99, 0.05, 0.65, 0.0143, 0.2796, 0.5752, 0.0339, 0.0970),
(100, 0.14, 0.60, 0.0000, 0.0093, 0.8516, 0.0443, 0.0948),
(101, 0.00, 0.56, 0.1950, 0.2441, 0.4674, 0.0364, 0.0571),
(102, 0.00, 0.48, 0.2575, 0.2457, 0.4362, 0.0424, 0.0182),
(103, 0.06, 0.18, 0.0700, 0.8573, 0.0727, 0.0000, 0.0000),
(105, 0.10, 0.20, 0.0000, 0.8545, 0.1455, 0.0000, 0.0000),
(106, 0.00, 0.79, 0.0858, 0.2414, 0.5218, 0.0258, 0.1252),
(107, 0.00, 0.73, 0.1077, 0.2419, 0.5109, 0.0279, 0.1116),
(108, 0.02, 0.90, 0.0244, 0.2388, 0.4366, 0.1515, 0.1488),
(109, 0.00, 0.98, 0.0343, 0.2401, 0.3522, 0.2161, 0.1573);

-- --------------------------------------------------------

--
-- Table structure for table `skins`
--

CREATE TABLE `skins` (
  `skin_id` int(255) NOT NULL,
  `case_id` int(255) NOT NULL,
  `odds` int(255) NOT NULL,
  `weapon` varchar(255) NOT NULL,
  `weapon_skin` varchar(255) NOT NULL,
  `color` varchar(255) NOT NULL,
  `FactoryNew` float(254,2) NOT NULL,
  `MinimalWear` float(254,2) NOT NULL,
  `FieldTested` float(254,2) NOT NULL,
  `WellWorm` float(254,2) NOT NULL,
  `BattleScared` float(254,2) NOT NULL,
  `FactoryNewSt` float(254,2) NOT NULL,
  `MinimalWearSt` float(254,2) NOT NULL,
  `FieldTestedSt` float(254,2) NOT NULL,
  `WellWormSt` float(254,2) NOT NULL,
  `BattleScaredSt` float(254,2) NOT NULL,
  `povprecje` float(254,2) NOT NULL
) ENGINE=InnoDB DEFAULT CHARSET=utf8mb4;

--
-- Dumping data for table `skins`
--

INSERT INTO `skins` (`skin_id`, `case_id`, `odds`, `weapon`, `weapon_skin`, `color`, `FactoryNew`, `MinimalWear`, `FieldTested`, `WellWorm`, `BattleScared`, `FactoryNewSt`, `MinimalWearSt`, `FieldTestedSt`, `WellWormSt`, `BattleScaredSt`, `povprecje`) VALUES
(1, 1, 2, 'G3SG1', 'Demeter', 'Blue', 9.18, 2.43, 2.04, 2.04, 1.84, 21.23, 4.82, 3.87, 3.61, 3.98, 2.32),
(2, 1, 2, 'Dual Berettas', 'Black Limba', 'Blue', 8.82, 2.96, 2.22, 2.28, 2.09, 32.27, 5.23, 3.95, 3.67, 4.60, 2.58),
(3, 1, 31, 'Nova', 'Tempest', 'Blue', 6.94, 2.38, 8.40, 0.00, 0.00, 21.09, 5.16, 4.15, 0.00, 0.00, 3.49),
(4, 1, 32, 'UMP-45', 'Bone Pile', 'Blue', 8.75, 2.28, 2.01, 0.00, 0.00, 28.38, 5.34, 3.96, 0.00, 0.00, 2.53),
(5, 1, 2, 'Galil AR', 'Shattered', 'Blue', 10.96, 2.72, 2.08, 2.03, 1.97, 99.99, 5.52, 4.94, 4.08, 3.85, 2.54),
(6, 1, 2, 'SG 553', 'Wave Spray', 'Blue', 11.13, 2.74, 2.43, 2.01, 2.01, 85.11, 5.61, 4.19, 7.18, 3.83, 2.71),
(7, 1, 33, 'M4A1-S', 'Bright Water', 'Purple', 0.00, 16.17, 16.51, 0.00, 0.00, 0.00, 45.86, 37.53, 0.00, 0.00, 18.99),
(8, 1, 34, 'M4A4', 'Zirka', 'Purple', 31.15, 15.74, 13.93, 18.03, 0.00, 93.80, 45.27, 37.14, 88.56, 0.00, 17.77),
(9, 1, 2, 'MAC-10', 'Graven', 'Purple', 25.75, 17.65, 13.26, 12.62, 13.33, 98.38, 35.95, 32.74, 25.80, 32.34, 15.97),
(10, 1, 2, 'USP-S', 'Overgrowth', 'Purple', 68.22, 19.15, 14.03, 16.21, 13.40, 296.94, 52.85, 36.13, 34.57, 37.47, 17.89),
(11, 1, 10, 'P2000', 'Ocean Foam', 'Pink', 106.23, 98.45, 0.00, 0.00, 0.00, 447.29, 225.11, 0.00, 0.00, 0.00, 136.79),
(12, 1, 10, 'AWP', 'Graphite', 'Pink', 136.46, 131.02, 0.00, 0.00, 0.00, 409.77, 345.00, 0.00, 0.00, 0.00, 162.41),
(13, 1, 35, 'P90', 'Emerald Dragon', 'Pink', 262.95, 85.53, 77.48, 85.51, 87.91, 927.79, 291.81, 214.33, 143.63, 80.50, 98.10),
(14, 1, 10, 'Desert Eagle', 'Golden Koi', 'Red', 40.83, 43.12, 0.00, 0.00, 0.00, 156.37, 460.00, 0.00, 0.00, 0.00, 56.31),
(15, 1, 36, 'AK-47', 'Fire Serpent', 'Red', 0.00, 983.94, 641.40, 978.90, 445.29, 3466.20, 1777.20, 1713.31, 964.11, 647.54, 779.15),
(16, 2, 25, 'MP7', 'Skulls', 'Blue', 0.00, 8.20, 8.05, 0.00, 0.00, 0.00, 8.22, 8.06, 0.00, 0.00, 8.13),
(17, 2, 8, 'AUG', 'Wings', 'Blue', 7.93, 8.06, 0.00, 0.00, 0.00, 9.12, 8.82, 0.00, 0.00, 0.00, 8.06),
(18, 2, 2, 'SG 553', 'Ultraviolet', 'Blue', 30.44, 7.96, 7.61, 7.71, 7.85, 107.61, 9.13, 7.95, 8.34, 7.72, 7.94),
(19, 2, 25, 'M4A1-S', 'Dark Water', 'Purple', 0.00, 47.11, 42.29, 0.00, 0.00, 0.00, 76.39, 72.39, 0.00, 0.00, 47.68),
(20, 2, 25, 'USP-S', 'Dark Water', 'Purple', 0.00, 48.00, 42.59, 0.00, 0.00, 0.00, 80.00, 75.12, 0.00, 0.00, 48.54),
(21, 2, 9, 'Glock-18', 'Dragon Tattoo', 'Purple', 50.28, 47.19, 0.00, 0.00, 0.00, 91.38, 200.00, 0.00, 0.00, 0.00, 54.68),
(22, 2, 9, 'Desert Eagle', 'Hypnotic', 'Pink', 78.28, 89.07, 0.00, 0.00, 0.00, 99.66, 177.57, 0.00, 0.00, 0.00, 81.06),
(23, 2, 1, 'AK-47', 'Case Hardened', 'Pink', 237.54, 149.55, 131.35, 103.09, 87.88, 497.72, 337.01, 264.43, 224.65, 190.89, 139.40),
(24, 2, 9, 'AWP', 'Lightning Strike', 'Red', 327.76, 275.38, 0.00, 0.00, 0.00, 684.33, 0.00, 0.00, 0.00, 0.00, 359.21),
(25, 3, 26, 'FAMAS', 'Doomkitty', 'Blue', 0.00, 2.36, 2.29, 0.00, 0.00, 0.00, 3.62, 2.53, 0.00, 0.00, 2.42),
(26, 3, 27, 'MAG-7', 'Memento', 'Blue', 3.06, 1.63, 1.41, 0.00, 0.00, 7.21, 3.22, 2.30, 0.00, 0.00, 2.62),
(27, 3, 2, 'M4A4', 'Faded Zebra', 'Blue', 10.16, 2.31, 1.51, 1.48, 1.64, 30.08, 8.28, 3.82, 4.85, 7.75, 2.09),
(28, 3, 2, 'Sawed-Off', 'Orange DDPAT', 'Purple', 23.07, 10.10, 6.22, 5.58, 4.98, 76.02, 14.12, 12.11, 10.61, 12.15, 7.38),
(29, 3, 103, 'P250', 'Splash', 'Purple', 27.05, 10.14, 8.37, 0.00, 0.00, 60.45, 21.19, 14.38, 0.00, 0.00, 12.42),
(30, 3, 2, 'Galil AR', 'Orange DDPAT', 'Purple', 31.84, 9.93, 6.57, 4.89, 5.32, 385.32, 19.20, 13.70, 11.67, 8.94, 7.91),
(31, 3, 28, 'AWP', 'BOOM', 'Pink', 221.91, 56.50, 46.78, 0.00, 0.00, 361.37, 125.08, 93.72, 0.00, 0.00, 63.15),
(32, 3, 2, 'AK-47', 'Red Laminate', 'Pink', 326.33, 39.07, 26.27, 25.37, 26.48, 0.00, 116.64, 80.90, 78.11, 76.15, 35.83),
(33, 3, 29, 'P90', 'Death by Kitty', 'Red', 0.00, 79.07, 37.64, 0.00, 0.00, 0.00, 246.89, 108.35, 0.00, 0.00, 68.92),
(34, 4, 7, 'P250', 'Hive', 'Blue', 2.29, 1.93, 1.77, 0.00, 0.00, 4.53, 2.81, 2.49, 0.00, 0.00, 2.19),
(35, 4, 5, 'FAMAS', 'Hexane', 'Blue', 2.22, 1.92, 1.72, 1.54, 0.00, 5.17, 3.89, 3.27, 3.32, 0.00, 2.14),
(36, 4, 23, 'Tec-9', 'Blue Titanium', 'Blue', 2.30, 0.00, 0.00, 0.00, 0.00, 4.01, 0.00, 0.00, 0.00, 0.00, 2.47),
(37, 4, 7, 'M4A1-S', 'Blood Tiger', 'Blue', 2.79, 2.25, 2.15, 0.00, 0.00, 11.22, 7.36, 7.51, 0.00, 0.00, 3.09),
(38, 4, 2, 'SCAR-20', 'Crimson Web', 'Blue', 10.00, 2.38, 1.55, 1.42, 1.31, 35.22, 3.89, 2.83, 1.85, 2.04, 1.84),
(39, 4, 4, 'Dual Berettas', 'Hemoglobin', 'Purple', 9.22, 6.66, 5.97, 0.00, 0.00, 14.25, 9.75, 8.55, 0.00, 0.00, 8.45),
(40, 4, 10, 'Nova', 'Graphite', 'Purple', 8.81, 6.92, 0.00, 0.00, 0.00, 14.90, 9.01, 0.00, 0.00, 0.00, 9.14),
(41, 4, 9, 'MP9', 'Hypnotic', 'Purple', 8.92, 9.09, 0.00, 0.00, 0.00, 15.97, 18.18, 0.00, 0.00, 0.00, 9.64),
(42, 4, 1, 'Five-SeveN', 'Case Hardened', 'Purple', 18.87, 8.10, 6.52, 5.48, 5.83, 54.58, 21.07, 12.67, 9.09, 9.25, 7.67),
(43, 4, 11, 'USP-S', 'Serum', 'Pink', 48.05, 32.80, 28.09, 0.00, 0.00, 51.67, 34.83, 26.06, 0.00, 0.00, 39.44),
(44, 4, 9, 'P90', 'Cold Blooded', 'Pink', 50.46, 35.35, 0.00, 0.00, 0.00, 58.81, 67.45, 0.00, 0.00, 0.00, 50.83),
(45, 4, 30, 'SSG 08', 'Blood in the Water', 'Red', 64.76, 39.34, 36.79, 0.00, 0.00, 260.87, 137.42, 111.48, 0.00, 0.00, 49.85),
(46, 5, 3, 'Nova', 'Exo', 'Blue', 0.26, 0.16, 0.11, 0.16, 0.15, 0.87, 0.48, 0.28, 0.33, 0.30, 0.19),
(47, 5, 1, 'PP-Bizon', 'Harvester', 'Blue', 0.28, 0.15, 0.13, 0.14, 0.14, 0.99, 0.43, 0.23, 0.22, 0.19, 0.16),
(48, 5, 1, 'MAC-10', 'Carnivore', 'Blue', 0.35, 0.16, 0.11, 0.11, 0.11, 1.59, 0.48, 0.28, 0.26, 0.26, 0.15),
(49, 5, 82, 'P250', 'Iron Clad', 'Blue', 0.36, 0.15, 0.14, 0.19, 0.14, 1.49, 0.41, 0.23, 0.28, 0.23, 0.16),
(50, 5, 3, 'Tec-9', 'Ice Cap', 'Blue', 0.35, 0.18, 0.11, 0.13, 0.11, 1.31, 0.70, 0.33, 0.47, 0.30, 0.23),
(51, 5, 17, 'SG 553', 'Aerial', 'Blue', 0.39, 0.18, 0.12, 0.16, 0.12, 2.01, 0.93, 0.30, 0.70, 0.27, 0.24),
(52, 5, 12, 'Five-SeveN', 'Violent Daimyo', 'Blue', 0.53, 0.23, 0.12, 0.27, 0.11, 2.45, 1.00, 0.48, 0.91, 0.43, 0.26),
(53, 5, 1, 'Sawed-Off', 'Limelight', 'Purple', 2.10, 1.04, 0.62, 0.56, 0.56, 6.46, 2.79, 1.36, 1.03, 0.99, 0.84),
(54, 5, 83, 'AUG', 'Aristocrat', 'Purple', 1.88, 1.06, 0.64, 0.89, 0.63, 6.75, 3.38, 1.70, 2.52, 1.67, 1.11),
(55, 5, 17, 'P90', 'Chopper', 'Purple', 1.90, 1.06, 0.64, 1.03, 0.62, 6.41, 3.13, 1.71, 2.37, 1.48, 1.16),
(56, 5, 1, 'R8 Revolver', 'Reboot', 'Purple', 3.17, 1.15, 0.68, 0.57, 0.56, 13.54, 3.76, 1.64, 1.10, 1.09, 0.97),
(57, 5, 5, 'AWP', 'Phobos', 'Purple', 1.91, 1.33, 1.18, 3.21, 0.00, 7.12, 4.78, 4.19, 7.53, 0.00, 1.86),
(58, 5, 16, 'SCAR-20', 'Bloodsport', 'Pink', 6.10, 3.24, 2.01, 2.20, 0.00, 18.34, 8.00, 4.33, 4.63, 0.00, 4.04),
(59, 5, 84, 'P2000', 'Imperial Dragon', 'Pink', 6.22, 3.24, 1.86, 2.01, 1.86, 18.88, 8.35, 4.21, 5.11, 5.78, 3.34),
(60, 5, 1, 'M4A4', 'Desolate Space', 'Pink', 33.57, 15.66, 10.57, 9.16, 7.94, 101.65, 44.53, 26.84, 20.78, 17.86, 13.59),
(61, 5, 85, 'Glock-18', 'Wasteland Rebel', 'Red', 8.94, 6.87, 6.00, 7.60, 5.93, 35.70, 26.62, 19.16, 23.62, 20.31, 8.66),
(62, 5, 14, 'M4A1-S', 'Mecha Industries', 'Red', 29.06, 15.71, 9.63, 12.59, 10.06, 102.93, 49.24, 27.27, 31.65, 22.91, 15.38),
(63, 6, 3, 'XM1014', 'Slipstream', 'Blue', 0.22, 0.12, 0.07, 0.08, 0.07, 0.89, 0.45, 0.20, 0.29, 0.20, 0.15),
(64, 6, 16, 'G3SG1', 'Ventilator', 'Blue', 0.21, 0.11, 0.07, 0.21, 0.00, 0.80, 0.36, 0.16, 0.26, 0.00, 0.15),
(65, 6, 1, 'CZ75-Auto', 'Imprint', 'Blue', 0.29, 0.09, 0.07, 0.07, 0.07, 1.24, 0.32, 0.18, 0.19, 0.15, 0.10),
(66, 6, 1, 'Five-SeveN', 'Scumbria', 'Blue', 0.29, 0.11, 0.07, 0.07, 0.07, 1.14, 0.30, 0.16, 0.15, 0.15, 0.10),
(67, 6, 1, 'UMP-45', 'Briefing', 'Blue', 0.30, 0.11, 0.07, 0.07, 0.07, 1.36, 0.34, 0.19, 0.18, 0.18, 0.10),
(68, 6, 90, 'Negev', 'Dazzle', 'Blue', 0.00, 0.23, 0.07, 0.09, 0.07, 0.00, 1.40, 0.18, 0.40, 0.16, 0.11),
(69, 6, 14, 'P90', 'Grim', 'Blue', 0.99, 0.35, 0.14, 0.29, 0.13, 3.82, 1.25, 0.52, 1.08, 1.03, 0.34),
(70, 6, 1, 'SCAR-20', 'Powercore', 'Purple', 1.43, 0.54, 0.33, 0.33, 0.34, 3.58, 1.33, 0.67, 0.63, 0.66, 0.46),
(71, 6, 71, 'MAG-7', 'Petroglyph', 'Purple', 1.33, 0.54, 0.34, 0.35, 0.00, 3.18, 1.33, 0.67, 0.66, 0.00, 0.76),
(72, 6, 1, 'SG 553', 'Triarch', 'Purple', 1.50, 0.55, 0.33, 0.33, 0.33, 7.58, 1.59, 0.66, 0.64, 0.74, 0.49),
(73, 6, 1, 'Glock-18', 'Weasel', 'Purple', 2.77, 0.95, 0.43, 0.41, 0.39, 10.30, 3.91, 2.02, 1.70, 1.59, 0.81),
(74, 6, 91, 'Desert Eagle', 'Directive', 'Purple', 6.94, 1.42, 0.49, 0.53, 0.45, 31.39, 6.27, 2.18, 2.19, 1.97, 0.82),
(75, 6, 1, 'MP9', 'Airlock', 'Pink', 9.62, 4.25, 2.11, 1.90, 1.86, 27.75, 9.90, 4.53, 3.67, 3.46, 3.10),
(76, 6, 14, 'AUG', 'Syd Mead', 'Pink', 7.95, 4.10, 1.99, 2.38, 1.90, 27.45, 10.59, 4.12, 5.96, 3.45, 3.45),
(77, 6, 1, 'Tec-9', 'Fuel Injector', 'Pink', 8.35, 3.80, 2.04, 1.85, 1.84, 26.24, 9.15, 4.97, 3.86, 3.64, 2.93),
(78, 6, 1, 'FAMAS', 'Roll Cage', 'Red', 21.79, 7.27, 4.30, 3.66, 3.45, 99.55, 20.66, 11.01, 7.88, 7.19, 6.19),
(79, 6, 14, 'AK-47', 'Neon Revolution', 'Red', 58.41, 33.62, 23.27, 27.89, 20.55, 158.70, 79.70, 49.72, 58.20, 39.33, 32.08),
(80, 7, 12, 'P2000', 'Red FragCam', 'Blue', 1.24, 0.93, 0.87, 0.81, 0.72, 2.42, 2.15, 1.27, 1.17, 1.84, 0.99),
(81, 7, 13, 'Dual Berettas', 'Panther', 'Blue', 1.34, 1.00, 0.75, 0.89, 0.67, 5.28, 2.22, 1.37, 1.11, 0.90, 1.05),
(82, 7, 38, 'Glock-18', 'Blue Fissure', 'Blue', 9.26, 1.24, 0.74, 1.59, 0.73, 65.52, 8.53, 3.34, 4.60, 3.27, 1.43),
(83, 7, 2, 'CZ75-Auto', 'Crimson Web', 'Blue', 12.25, 1.08, 0.76, 0.76, 0.75, 103.67, 4.69, 1.35, 2.15, 0.96, 1.05),
(84, 7, 14, 'USP-S', 'Stainless', 'Blue', 20.31, 7.74, 3.83, 4.71, 3.11, 79.70, 32.73, 16.02, 15.59, 11.61, 7.93),
(85, 7, 4, 'CZ75-Auto', 'Tread Plate', 'Purple', 8.28, 5.70, 4.78, 0.00, 0.00, 10.03, 7.75, 6.34, 0.00, 0.00, 7.25),
(86, 7, 4, 'Tec-9', 'Titanium Bit', 'Purple', 8.09, 5.51, 4.25, 0.00, 0.00, 11.00, 6.66, 6.50, 0.00, 0.00, 7.08),
(87, 7, 4, 'Five-SeveN', 'Copper Galaxy', 'Purple', 8.08, 5.59, 4.87, 0.00, 0.00, 10.67, 7.22, 7.35, 0.00, 0.00, 7.15),
(88, 7, 14, 'Desert Eagle', 'Heirloom', 'Purple', 10.50, 5.79, 4.64, 5.12, 4.00, 48.57, 19.08, 11.80, 14.60, 10.09, 6.44),
(89, 7, 5, 'CZ75-Auto', 'The Fuschia Is Now', 'Pink', 47.04, 29.93, 24.60, 72.18, 0.00, 33.55, 21.23, 14.41, 19.02, 0.00, 32.54),
(90, 7, 4, 'P250', 'Undertow', 'Pink', 49.10, 32.98, 27.07, 0.00, 0.00, 43.47, 30.57, 19.83, 0.00, 0.00, 41.07),
(91, 7, 15, 'CZ75-Auto', 'Victoria', 'Red', 8.70, 5.79, 4.94, 5.59, 4.77, 113.31, 37.32, 20.59, 37.91, 21.38, 8.48),
(92, 8, 61, 'Sawed-Off', 'Origami', 'Blue', 0.22, 0.13, 0.11, 0.12, 0.11, 0.83, 0.45, 0.21, 0.30, 0.20, 0.16),
(93, 8, 3, 'MP7', 'Armor Core', 'Blue', 0.23, 0.12, 0.09, 0.11, 0.11, 0.79, 0.41, 0.22, 0.29, 0.50, 0.16),
(94, 8, 105, 'Negev', 'Man-o\'-war', 'Blue', 0.00, 0.11, 0.12, 0.00, 0.00, 0.00, 0.47, 0.39, 0.00, 0.00, 0.15),
(95, 8, 14, 'P250', 'Valence', 'Blue', 0.63, 0.21, 0.12, 0.25, 0.12, 2.90, 0.97, 0.48, 1.22, 0.42, 0.25),
(96, 8, 21, 'Desert Eagle', 'Bronze Deco', 'Blue', 0.66, 0.41, 0.20, 0.29, 0.80, 3.06, 2.11, 1.17, 1.50, 2.42, 0.54),
(97, 8, 1, 'AK-47', 'Elite Build', 'Blue', 7.35, 3.05, 2.06, 1.52, 1.37, 29.01, 9.94, 6.91, 5.07, 4.83, 2.75),
(98, 8, 62, 'UMP-45', 'Grand Prix', 'Purple', 0.00, 0.00, 0.33, 0.00, 0.00, 0.00, 0.00, 0.66, 0.00, 0.00, 0.36),
(99, 8, 12, 'CZ75-Auto', 'Pole Position', 'Purple', 1.28, 0.57, 0.34, 0.46, 0.34, 3.86, 1.56, 0.67, 0.80, 0.64, 0.59),
(100, 8, 1, 'MAG-7', 'Heat', 'Purple', 2.30, 0.66, 0.35, 0.34, 0.34, 8.61, 1.96, 1.00, 0.77, 0.76, 0.57),
(101, 8, 16, 'AWP', 'Worm God', 'Purple', 2.22, 1.42, 1.21, 1.55, 0.00, 7.43, 4.96, 4.19, 6.67, 0.00, 1.94),
(102, 8, 1, 'FAMAS', 'Djinn', 'Pink', 7.42, 3.47, 1.91, 1.79, 2.01, 23.31, 8.64, 4.16, 3.56, 3.61, 2.75),
(103, 8, 63, 'Five-SeveN', 'Monkey Business', 'Pink', 0.00, 9.14, 1.96, 1.83, 1.78, 0.00, 29.13, 5.00, 3.94, 3.56, 2.39),
(104, 8, 64, 'Galil AR', 'Eco', 'Pink', 0.00, 18.68, 3.83, 2.32, 2.05, 0.00, 55.32, 8.04, 5.07, 4.16, 4.04),
(105, 8, 16, 'MAC-10', 'Neon Rider', 'Red', 11.75, 8.09, 6.68, 7.26, 0.00, 38.93, 24.67, 16.51, 17.59, 0.00, 10.12),
(106, 8, 1, 'M4A1-S', 'Hyper Beast', 'Red', 63.48, 22.39, 11.42, 9.05, 8.08, 230.06, 63.58, 32.18, 23.40, 19.22, 17.21),
(107, 9, 3, 'SCAR-20', 'Outbreak', 'Blue', 0.40, 0.28, 0.14, 0.14, 0.13, 1.54, 0.91, 0.40, 0.29, 0.30, 0.29),
(108, 9, 1, 'Sawed-Off', 'Yorick', 'Blue', 1.07, 0.27, 0.12, 0.09, 0.08, 2.09, 1.06, 0.35, 0.25, 0.21, 0.21),
(109, 9, 4, 'P2000', 'Imperial', 'Blue', 0.42, 0.33, 0.21, 0.00, 0.00, 1.56, 1.06, 0.80, 0.00, 0.00, 0.47),
(110, 9, 14, 'AUG', 'Ricochet', 'Blue', 1.21, 0.52, 0.19, 0.54, 0.12, 4.44, 1.76, 0.68, 1.62, 0.54, 0.44),
(111, 9, 71, 'Desert Eagle', 'Corinthian', 'Blue', 1.17, 0.90, 0.72, 0.99, 0.00, 6.41, 4.39, 3.98, 4.41, 0.00, 1.29),
(112, 9, 2, 'R8 Revolver', 'Crimson Web', 'Blue', 3.41, 0.34, 0.12, 0.12, 0.09, 24.64, 1.93, 0.38, 0.40, 0.27, 0.24),
(113, 9, 72, 'XM1014', 'Teclu Burner', 'Purple', 2.58, 1.59, 1.03, 1.13, 0.86, 8.55, 5.00, 2.51, 2.47, 2.24, 1.63),
(114, 9, 1, 'Five-SeveN', 'Retrobution', 'Purple', 3.60, 1.82, 1.09, 0.87, 0.77, 10.77, 4.98, 2.44, 1.82, 1.88, 1.42),
(115, 9, 1, 'PP-Bizon', 'Fuel Rod', 'Purple', 3.28, 1.69, 1.13, 0.86, 0.93, 12.00, 5.12, 2.57, 1.91, 1.88, 1.43),
(116, 9, 1, 'Tec-9', 'Avalanche', 'Purple', 3.58, 1.81, 1.06, 0.91, 0.83, 12.69, 5.70, 2.94, 1.95, 1.72, 1.46),
(117, 9, 1, 'SG 553', 'Tiger Moth', 'Purple', 5.38, 2.24, 1.11, 0.84, 0.80, 16.76, 8.89, 4.02, 2.64, 2.23, 1.75),
(118, 9, 1, 'Negev', 'Power Loader', 'Purple', 7.46, 3.15, 1.47, 0.94, 0.80, 29.26, 10.69, 5.18, 3.24, 2.17, 2.26),
(119, 9, 1, 'P90', 'Shapewood', 'Pink', 11.55, 4.01, 2.08, 1.81, 1.81, 41.54, 15.09, 6.04, 4.33, 4.63, 3.31),
(120, 9, 73, 'G3SG1', 'The Executioner', 'Pink', 0.00, 18.09, 1.88, 1.77, 1.79, 0.00, 0.00, 4.56, 3.66, 3.76, 2.15),
(121, 9, 74, 'AK-47', 'Point Disarray', 'Pink', 44.50, 29.42, 20.22, 21.98, 14.72, 144.89, 78.42, 45.72, 43.72, 30.21, 29.23),
(122, 9, 5, 'R8 Revolver', 'Fade', 'Red', 14.17, 7.65, 5.36, 7.58, 0.00, 86.56, 33.33, 17.78, 22.88, 0.00, 12.21),
(123, 9, 14, 'M4A4', 'Royal Paladin', 'Red', 142.51, 37.40, 11.40, 14.37, 9.26, 400.36, 116.14, 39.56, 48.92, 33.05, 34.19),
(124, 10, 3, 'MAC-10', 'Lapis Gator', 'Blue', 0.41, 0.28, 0.18, 0.30, 0.18, 1.59, 1.06, 0.53, 0.61, 0.38, 0.33),
(125, 10, 1, 'Tec-9', 'Jambiya', 'Blue', 0.69, 0.28, 0.15, 0.13, 0.13, 2.16, 0.69, 0.43, 0.38, 0.28, 0.22),
(126, 10, 1, 'Dual Berettas', 'Cartel', 'Blue', 0.82, 0.25, 0.15, 0.15, 0.15, 3.27, 0.74, 0.45, 0.35, 0.32, 0.23),
(127, 10, 1, 'PP-Bizon', 'Photic Zone', 'Blue', 1.57, 0.48, 0.19, 0.14, 0.13, 5.44, 1.45, 0.56, 0.40, 0.35, 0.34),
(128, 10, 1, 'SSG 08', 'Necropos', 'Blue', 1.36, 0.38, 0.22, 0.18, 0.16, 7.11, 1.50, 0.84, 0.72, 0.67, 0.36),
(129, 10, 1, 'USP-S', 'Lead Conduit', 'Blue', 2.83, 1.04, 0.77, 0.74, 0.72, 12.70, 4.12, 2.91, 2.76, 2.76, 1.14),
(130, 10, 65, 'Five-SeveN', 'Triumvirate', 'Purple', 2.46, 1.96, 1.16, 1.22, 1.06, 7.53, 4.33, 2.92, 2.42, 2.28, 1.49),
(131, 10, 16, 'MAG-7', 'Praetorian', 'Purple', 2.36, 1.69, 1.11, 1.08, 0.00, 7.17, 4.32, 3.33, 2.16, 0.00, 1.90),
(132, 10, 5, 'MP7', 'Impire', 'Purple', 2.50, 1.74, 1.24, 1.42, 0.00, 7.46, 4.50, 3.01, 3.01, 0.00, 2.07),
(133, 10, 14, 'FAMAS', 'Valence', 'Purple', 6.47, 3.22, 1.77, 2.63, 1.49, 19.21, 7.61, 4.01, 5.44, 3.24, 2.85),
(134, 10, 1, 'Glock-18', 'Royal Legion', 'Purple', 4.87, 1.90, 1.06, 0.97, 1.03, 24.08, 7.32, 4.10, 3.24, 2.91, 1.72),
(135, 10, 17, 'Nova', 'Hyper Beast', 'Pink', 16.56, 9.78, 6.70, 5.84, 5.31, 54.25, 31.59, 17.81, 13.96, 11.13, 10.77),
(136, 10, 1, 'AWP', 'Elite Build', 'Pink', 22.53, 11.62, 6.53, 5.32, 4.88, 82.78, 37.37, 18.73, 14.17, 14.67, 9.25),
(137, 10, 76, 'Desert Eagle', 'Kumicho Dragon', 'Pink', 29.79, 18.14, 12.25, 15.36, 11.09, 86.65, 59.26, 39.09, 48.49, 35.32, 18.61),
(138, 10, 69, 'M4A4', 'The Battlestar', 'Red', 14.58, 9.41, 7.42, 9.01, 7.24, 63.55, 36.80, 20.79, 23.84, 18.77, 11.19),
(139, 10, 1, 'AK-47', 'Fuel Injector', 'Red', 259.14, 143.68, 96.76, 70.05, 56.71, 1052.81, 364.12, 218.31, 151.90, 106.96, 114.52),
(140, 11, 3, 'Five-SeveN', 'Nightshade', 'Blue', 1.17, 1.04, 0.88, 0.99, 0.91, 3.42, 4.84, 2.74, 2.22, 2.29, 1.23),
(141, 11, 4, 'P250', 'Steel Disruption', 'Blue', 1.20, 1.03, 0.88, 0.00, 0.00, 4.03, 4.03, 2.57, 0.00, 0.00, 1.39),
(142, 11, 5, 'Nova', 'Ghost Camo', 'Blue', 1.14, 0.91, 0.87, 0.94, 0.00, 3.12, 2.98, 2.37, 2.50, 0.00, 1.15),
(143, 11, 3, 'PP-Bizon', 'Water Sigil', 'Blue', 1.14, 1.00, 1.02, 0.88, 0.86, 3.60, 3.03, 5.28, 2.05, 1.91, 1.34),
(144, 11, 6, 'G3SG1', 'Azure Zebra', 'Blue', 1.21, 0.96, 0.87, 0.00, 0.00, 3.98, 3.54, 2.32, 0.00, 0.00, 1.30),
(145, 11, 23, 'Galil AR', 'Blue Titanium', 'Blue', 1.24, 0.00, 0.00, 0.00, 0.00, 4.02, 0.00, 0.00, 0.00, 0.00, 1.52),
(146, 11, 3, 'P90', 'Blind Spot', 'Purple', 6.67, 5.72, 5.08, 4.34, 3.46, 10.87, 8.83, 8.12, 6.88, 6.85, 5.87),
(147, 11, 37, 'AK-47', 'Blue Laminate', 'Purple', 10.48, 8.43, 7.97, 13.56, 0.00, 38.51, 26.05, 25.68, 26.94, 0.00, 10.73),
(148, 11, 37, 'FAMAS', 'Afterimage', 'Pink', 48.56, 29.41, 23.51, 25.88, 0.00, 39.80, 30.69, 13.26, 14.00, 0.00, 30.26),
(149, 11, 5, 'AWP', 'Electric Hive', 'Pink', 48.80, 31.45, 25.22, 26.67, 0.00, 91.90, 65.98, 49.49, 85.83, 0.00, 37.59),
(150, 11, 4, 'Desert Eagle', 'Cobalt Disruption', 'Pink', 53.30, 37.94, 32.92, 0.00, 0.00, 113.34, 80.05, 60.98, 0.00, 0.00, 51.24),
(151, 11, 7, 'M4A4', 'X-Ray', 'Red', 19.36, 14.11, 11.09, 0.00, 0.00, 81.90, 53.86, 33.18, 0.00, 0.00, 20.32),
(152, 12, 17, 'R8 Revolver', 'Bone Forged', 'Blue', 0.25, 0.12, 0.07, 0.07, 0.07, 0.96, 0.38, 0.16, 0.22, 0.16, 0.14),
(153, 12, 12, 'Negev', 'Prototype', 'Blue', 0.26, 0.12, 0.07, 0.08, 0.07, 1.01, 0.42, 0.16, 0.29, 0.15, 0.13),
(154, 12, 1, 'CZ75-Auto', 'Distressed', 'Blue', 0.29, 0.12, 0.07, 0.07, 0.07, 1.13, 0.35, 0.15, 0.15, 0.15, 0.10),
(155, 12, 1, 'MP5-SD', 'Desert Strike', 'Blue', 0.30, 0.11, 0.07, 0.07, 0.07, 1.31, 0.39, 0.16, 0.15, 0.15, 0.10),
(156, 12, 14, 'AUG', 'Tom Cat', 'Blue', 0.47, 0.14, 0.07, 0.18, 0.08, 2.36, 0.77, 0.34, 0.68, 0.30, 0.17),
(157, 12, 1, 'Desert Eagle', 'Blue Ply', 'Blue', 1.43, 0.41, 0.23, 0.25, 0.20, 7.80, 2.22, 1.43, 1.23, 1.22, 0.45),
(158, 12, 57, 'AWP', 'Capillary', 'Blue', 2.40, 0.59, 0.33, 0.54, 0.34, 11.79, 2.57, 1.57, 2.57, 1.61, 0.59),
(159, 12, 1, 'SCAR-20', 'Enforcer', 'Purple', 2.22, 0.99, 0.62, 0.54, 0.50, 7.33, 2.88, 1.42, 1.18, 1.07, 0.83),
(160, 12, 1, 'P2000', 'Acid Etched', 'Purple', 2.02, 0.97, 0.62, 0.54, 0.52, 6.98, 2.54, 1.41, 1.22, 1.06, 0.81),
(161, 12, 1, 'Sawed-Off', 'Apocalypto', 'Purple', 2.05, 1.02, 0.61, 0.54, 0.50, 6.72, 2.58, 1.44, 1.18, 1.03, 0.82),
(162, 12, 1, 'SG 553', 'Darkwing', 'Purple', 3.48, 1.22, 0.63, 0.54, 0.50, 16.71, 4.60, 2.12, 1.43, 1.25, 1.02),
(163, 12, 97, 'SSG 08', 'Fever Dream', 'Purple', 2.44, 1.30, 0.63, 1.16, 0.57, 9.12, 4.60, 2.19, 3.56, 1.89, 1.26),
(164, 12, 1, 'MAG-7', 'Justice', 'Pink', 11.32, 4.77, 2.50, 2.02, 1.85, 43.93, 12.28, 5.98, 4.22, 3.52, 3.56),
(165, 12, 1, 'MAC-10', 'Disco Tech', 'Pink', 19.64, 7.81, 4.32, 3.14, 2.54, 61.85, 20.64, 11.12, 7.09, 5.22, 5.85),
(166, 12, 72, 'AK-47', 'Phantom Disruptor', 'Pink', 19.58, 14.53, 11.11, 12.67, 9.66, 53.62, 35.52, 25.37, 30.21, 21.78, 14.94),
(167, 12, 98, 'M4A1-S', 'Player Two', 'Red', 79.16, 38.17, 18.28, 22.42, 12.88, 310.86, 92.23, 39.81, 55.16, 22.94, 30.99),
(168, 12, 1, 'Glock-18', 'Bullet Queen', 'Red', 83.59, 34.89, 18.80, 12.54, 9.79, 336.75, 104.48, 52.96, 35.58, 28.14, 26.06),
(169, 13, 3, 'XM1014', 'Quicksilver', 'Blue', 0.40, 0.22, 0.16, 0.19, 0.32, 1.13, 0.68, 0.40, 0.34, 0.39, 0.28),
(170, 13, 3, 'SCAR-20', 'Grotto', 'Blue', 0.38, 0.22, 0.15, 0.20, 0.40, 1.15, 0.73, 0.40, 0.42, 0.49, 0.27),
(171, 13, 14, 'M249', 'System Lock', 'Blue', 0.81, 0.26, 0.15, 0.23, 0.15, 2.60, 0.80, 0.41, 0.49, 0.32, 0.28),
(172, 13, 3, 'Glock-18', 'Catacombs', 'Blue', 0.42, 0.29, 0.19, 0.33, 0.43, 2.13, 1.25, 0.77, 1.34, 1.67, 0.38),
(173, 13, 1, 'MP9', 'Deadly Poison', 'Blue', 1.76, 0.41, 0.22, 0.16, 0.14, 6.07, 1.44, 0.70, 0.50, 0.47, 0.35),
(174, 13, 3, 'Sawed-Off', 'Serenity', 'Purple', 2.22, 1.47, 1.07, 1.17, 1.18, 5.80, 3.68, 2.70, 2.39, 2.67, 1.67),
(175, 13, 58, 'Dual Berettas', 'Urban Shock', 'Purple', 2.13, 1.48, 1.08, 1.13, 1.23, 5.99, 3.66, 2.71, 2.28, 2.06, 1.70),
(176, 13, 3, 'MAC-10', 'Malachite', 'Purple', 2.19, 1.55, 1.15, 1.40, 1.11, 6.24, 3.93, 2.70, 2.39, 2.24, 1.74),
(177, 13, 1, 'Desert Eagle', 'Naga', 'Purple', 6.20, 2.30, 1.27, 1.21, 1.21, 22.48, 8.17, 4.60, 4.10, 4.16, 2.06),
(178, 13, 17, 'P250', 'Muertos', 'Pink', 7.22, 3.91, 3.40, 4.25, 3.71, 22.90, 12.93, 9.64, 13.01, 9.50, 5.08),
(179, 13, 15, 'AK-47', 'Cartel', 'Pink', 16.80, 9.79, 7.69, 9.76, 8.03, 55.32, 33.56, 25.51, 29.16, 25.96, 11.45),
(180, 13, 15, 'M4A4', '龍王 (Dragon King)', 'Pink', 26.70, 17.28, 9.36, 12.67, 8.29, 64.12, 36.37, 19.73, 28.02, 17.34, 14.59),
(181, 13, 105, 'AWP', 'Man-o\'-war', 'Red', 0.00, 24.98, 22.98, 0.00, 0.00, 0.00, 63.35, 52.58, 0.00, 0.00, 28.40),
(182, 13, 60, 'Galil AR', 'Chatterbox', 'Red', 0.00, 0.00, 43.18, 10.06, 5.69, 0.00, 0.00, 169.26, 34.42, 18.21, 9.95),
(183, 14, 46, 'MP7', 'Mischief', 'Blue', 0.00, 0.40, 0.14, 0.16, 0.13, 0.00, 1.43, 0.32, 0.29, 0.25, 0.16),
(184, 14, 15, 'Galil AR', 'Akoben', 'Blue', 0.40, 0.22, 0.14, 0.20, 0.13, 1.54, 0.63, 0.30, 0.46, 0.28, 0.22),
(185, 14, 12, 'P250', 'Verdigris', 'Blue', 0.39, 0.21, 0.14, 0.18, 0.13, 1.37, 0.64, 0.30, 0.41, 0.26, 0.22),
(186, 14, 61, 'FAMAS', 'Crypsis', 'Blue', 0.38, 0.22, 0.18, 0.20, 0.18, 1.37, 0.67, 0.36, 0.46, 0.36, 0.27),
(187, 14, 1, 'MAC-10', 'Whitefish', 'Blue', 0.46, 0.21, 0.14, 0.16, 0.13, 1.71, 0.62, 0.33, 0.26, 0.25, 0.19),
(188, 14, 15, 'P90', 'Off World', 'Blue', 0.40, 0.22, 0.13, 0.29, 0.13, 1.44, 0.63, 0.30, 0.41, 0.25, 0.22),
(189, 14, 15, 'AK-47', 'Uncharted', 'Blue', 1.49, 0.73, 0.49, 0.91, 0.49, 6.73, 3.61, 2.72, 4.21, 2.76, 0.94),
(190, 14, 1, 'MP5-SD', 'Gauss', 'Purple', 1.25, 0.52, 0.33, 0.33, 0.33, 3.60, 1.35, 0.68, 0.63, 0.64, 0.45),
(191, 14, 14, 'Tec-9', 'Bamboozle', 'Purple', 1.22, 0.53, 0.32, 0.41, 0.33, 3.79, 1.42, 0.67, 0.96, 0.76, 0.52),
(192, 14, 5, 'UMP-45', 'Moonrise', 'Purple', 1.13, 0.52, 0.34, 0.66, 0.00, 3.34, 1.34, 0.69, 1.17, 0.00, 0.74),
(193, 14, 19, 'Desert Eagle', 'Light Rail', 'Purple', 4.16, 1.91, 1.04, 1.10, 1.01, 17.66, 7.62, 4.26, 4.36, 4.03, 1.85),
(194, 14, 1, 'AWP', 'Atheris', 'Purple', 10.61, 4.81, 2.54, 2.01, 1.72, 35.84, 15.53, 7.99, 5.99, 5.61, 3.74),
(195, 14, 94, 'R8 Revolver', 'Skull Crusher', 'Pink', 0.00, 0.00, 2.04, 1.78, 1.75, 0.00, 0.00, 4.60, 3.53, 3.41, 2.07),
(196, 14, 95, 'XM1014', 'Incinegator', 'Pink', 0.00, 11.73, 2.10, 1.95, 1.92, 0.00, 30.06, 4.71, 4.48, 3.53, 2.42),
(197, 14, 96, 'AUG', 'Momentum', 'Pink', 24.91, 7.24, 2.44, 1.86, 1.79, 150.16, 21.84, 6.31, 4.42, 3.60, 3.53),
(198, 14, 12, 'Five-SeveN', 'Angry Mob', 'Red', 11.09, 6.05, 3.65, 4.91, 3.28, 39.02, 15.98, 7.61, 10.50, 6.74, 5.95),
(199, 14, 14, 'M4A4', 'The Emperor', 'Red', 142.11, 60.39, 22.11, 20.46, 13.36, 531.01, 174.30, 57.54, 47.60, 34.77, 48.24),
(200, 15, 3, 'PP-Bizon', 'Jungle Slipstream', 'Blue', 0.20, 0.12, 0.08, 0.09, 0.09, 0.72, 0.38, 0.20, 0.19, 0.18, 0.14),
(201, 15, 96, 'Sawed-Off', 'Zander', 'Blue', 0.28, 0.12, 0.08, 0.07, 0.07, 0.96, 0.36, 0.19, 0.15, 0.15, 0.09),
(202, 15, 12, 'MP7', 'Akoben', 'Blue', 0.21, 0.12, 0.08, 0.09, 0.08, 0.72, 0.38, 0.20, 0.30, 0.19, 0.13),
(203, 15, 15, 'SCAR-20', 'Blueprint', 'Blue', 0.32, 0.13, 0.08, 0.11, 0.12, 1.07, 0.41, 0.20, 0.28, 0.18, 0.14),
(204, 15, 3, 'P250', 'Ripple', 'Blue', 0.21, 0.12, 0.08, 0.09, 0.08, 0.74, 0.48, 0.25, 0.34, 0.40, 0.15),
(205, 15, 12, 'Five-SeveN', 'Capillary', 'Blue', 0.27, 0.13, 0.08, 0.15, 0.11, 1.07, 0.45, 0.21, 0.73, 0.20, 0.15),
(206, 15, 3, 'Desert Eagle', 'Oxide Blaze', 'Blue', 0.52, 0.38, 0.22, 0.33, 0.25, 2.74, 1.96, 1.20, 1.61, 1.45, 0.48),
(207, 15, 3, 'XM1014', 'Seasons', 'Purple', 1.38, 0.89, 0.68, 0.75, 0.80, 4.49, 2.49, 1.63, 1.79, 1.71, 1.07),
(208, 15, 16, 'M249', 'Emerald Poison Dart', 'Purple', 1.38, 0.93, 0.76, 0.86, 0.00, 3.92, 2.45, 1.50, 1.45, 0.00, 1.12),
(209, 15, 61, 'Galil AR', 'Crimson Tsunami', 'Purple', 1.49, 0.89, 0.66, 0.61, 0.60, 4.73, 2.53, 1.55, 1.49, 1.28, 1.03),
(210, 15, 1, 'UMP-45', 'Scaffold', 'Purple', 1.69, 0.87, 0.64, 0.59, 0.57, 5.07, 2.38, 1.42, 1.25, 1.22, 0.80),
(211, 15, 66, 'MAC-10', 'Last Dive', 'Purple', 1.31, 0.86, 0.68, 0.73, 0.62, 4.10, 2.31, 1.52, 1.33, 1.40, 1.01),
(212, 15, 101, 'CZ75-Auto', 'Xiangliu', 'Pink', 9.49, 7.22, 5.45, 5.44, 5.05, 26.84, 16.75, 11.80, 10.10, 10.37, 7.56),
(213, 15, 61, 'AWP', 'Fever Dream', 'Pink', 10.91, 7.49, 5.77, 6.99, 5.12, 33.11, 21.20, 14.73, 18.82, 13.19, 8.52),
(214, 15, 87, 'M4A1-S', 'Decimator', 'Pink', 13.36, 7.70, 5.52, 7.67, 5.21, 41.78, 20.03, 15.09, 17.38, 11.57, 7.71),
(215, 15, 12, 'USP-S', 'Neo-Noir', 'Red', 60.51, 36.55, 24.53, 25.79, 15.95, 180.36, 109.10, 64.79, 63.36, 40.16, 36.49),
(216, 15, 16, 'AK-47', 'Bloodsport', 'Red', 80.51, 67.93, 59.29, 58.04, 0.00, 229.47, 195.14, 131.30, 126.38, 0.00, 78.07),
(217, 16, 68, 'SCAR-20', 'Assault', 'Blue', 0.22, 0.11, 0.07, 0.09, 0.08, 0.81, 0.34, 0.18, 0.21, 0.18, 0.13),
(218, 16, 12, 'Dual Berettas', 'Elite 1.6', 'Blue', 0.21, 0.12, 0.07, 0.08, 0.07, 0.91, 0.36, 0.20, 0.29, 0.20, 0.12),
(219, 16, 12, 'Tec-9', 'Flash Out', 'Blue', 0.21, 0.11, 0.07, 0.08, 0.07, 0.88, 0.35, 0.16, 0.30, 0.16, 0.12),
(220, 16, 14, 'MAG-7', 'Popdog', 'Blue', 0.23, 0.11, 0.07, 0.09, 0.07, 0.83, 0.33, 0.18, 0.28, 0.19, 0.11),
(221, 16, 1, 'MAC-10', 'Classic Crate', 'Blue', 0.27, 0.09, 0.07, 0.07, 0.07, 1.38, 0.33, 0.19, 0.19, 0.19, 0.10),
(222, 16, 1, 'FAMAS', 'Decommissioned', 'Blue', 0.61, 0.20, 0.11, 0.09, 0.09, 3.05, 0.77, 0.47, 0.41, 0.40, 0.18),
(223, 16, 1, 'Glock-18', 'Sacrifice', 'Blue', 1.74, 0.38, 0.19, 0.14, 0.14, 8.48, 2.12, 1.11, 0.84, 0.83, 0.38),
(224, 16, 15, 'M249', 'Aztec', 'Purple', 1.27, 0.77, 0.48, 0.43, 0.41, 4.13, 2.50, 1.09, 0.88, 0.75, 0.73),
(225, 16, 61, 'Five-SeveN', 'Buddy', 'Purple', 1.37, 0.79, 0.55, 0.50, 0.49, 4.06, 2.28, 1.24, 1.27, 0.96, 0.90),
(226, 16, 14, 'UMP-45', 'Plastique', 'Purple', 1.63, 0.80, 0.52, 0.63, 0.39, 4.94, 2.30, 1.07, 1.18, 0.81, 0.76),
(227, 16, 22, 'P250', 'Inferno', 'Purple', 1.29, 0.80, 0.50, 0.55, 0.41, 4.57, 2.30, 1.16, 2.01, 1.14, 0.79),
(228, 16, 1, 'MP5-SD', 'Agent', 'Purple', 2.43, 0.79, 0.49, 0.40, 0.40, 11.83, 2.73, 1.22, 0.89, 0.77, 0.70),
(229, 16, 88, 'P90', 'Nostalgia', 'Pink', 9.19, 6.23, 4.20, 3.76, 3.47, 29.82, 15.56, 9.42, 7.99, 6.77, 6.47),
(230, 16, 5, 'AUG', 'Death by Puppy', 'Pink', 9.17, 6.30, 4.56, 4.32, 0.00, 29.18, 15.95, 9.80, 8.49, 0.00, 7.57),
(231, 16, 1, 'MP9', 'Hydra', 'Pink', 13.40, 6.67, 4.20, 3.55, 3.24, 46.20, 16.78, 9.33, 7.58, 6.72, 5.42),
(232, 16, 3, 'FAMAS', 'Commemoration', 'Red', 20.82, 15.44, 12.67, 12.23, 11.15, 73.14, 45.55, 30.91, 31.77, 30.44, 18.18),
(233, 16, 12, 'AWP', 'Wildfire', 'Red', 123.24, 83.18, 56.84, 54.13, 30.96, 328.99, 197.29, 117.19, 96.25, 61.98, 77.14),
(234, 17, 17, 'Galil AR', 'Kami', 'Blue', 1.79, 1.28, 0.46, 0.68, 0.42, 4.67, 2.29, 0.97, 1.06, 0.75, 0.99),
(235, 17, 48, 'SSG 08', 'Slashed', 'Blue', 0.00, 0.00, 0.56, 0.54, 0.45, 0.00, 0.00, 1.47, 1.14, 0.96, 0.61),
(236, 17, 1, 'Tec-9', 'Isaac', 'Blue', 6.46, 1.56, 0.77, 0.53, 0.46, 17.44, 3.34, 1.59, 0.96, 0.79, 1.14),
(237, 17, 17, 'P2000', 'Pulse', 'Blue', 0.62, 0.48, 0.38, 0.34, 0.33, 1.48, 1.21, 0.84, 0.68, 0.59, 0.50),
(238, 17, 1, 'CZ75-Auto', 'Twist', 'Blue', 1.30, 0.46, 0.38, 0.34, 0.30, 3.11, 1.15, 0.87, 0.80, 0.59, 0.46),
(239, 17, 18, 'P90', 'Module', 'Blue', 0.89, 0.57, 0.50, 0.00, 0.00, 2.80, 1.56, 1.30, 0.00, 0.00, 0.79),
(240, 17, 3, 'PP-Bizon', 'Antique', 'Purple', 3.86, 3.10, 2.44, 2.03, 1.96, 10.85, 8.23, 6.63, 4.10, 3.60, 3.41),
(241, 17, 3, 'AUG', 'Torque', 'Purple', 4.08, 3.28, 2.60, 2.08, 2.28, 11.54, 8.16, 6.66, 5.14, 4.81, 3.59),
(242, 17, 49, 'XM1014', 'Heaven Guard', 'Purple', 4.49, 3.19, 2.53, 2.76, 2.30, 13.99, 8.26, 7.04, 4.26, 4.71, 3.40),
(243, 17, 3, 'MAC-10', 'Tatter', 'Purple', 3.75, 3.04, 2.49, 2.17, 2.17, 11.57, 8.28, 6.66, 4.55, 4.61, 3.42),
(244, 17, 3, 'SCAR-20', 'Cyrex', 'Pink', 26.33, 23.44, 14.37, 9.06, 13.70, 70.34, 53.78, 31.23, 14.94, 27.18, 21.84),
(245, 17, 19, 'M4A1-S', 'Atomic Alloy', 'Pink', 28.77, 19.41, 13.90, 8.99, 7.05, 84.99, 49.96, 19.61, 16.32, 12.16, 15.93),
(246, 17, 5, 'USP-S', 'Caiman', 'Pink', 26.49, 19.35, 14.52, 14.32, 0.00, 74.75, 49.78, 25.33, 22.55, 0.00, 22.35),
(247, 17, 19, 'AK-47', 'Vulcan', 'Red', 393.40, 208.04, 117.66, 64.76, 40.83, 1000.78, 570.07, 203.56, 122.55, 86.86, 154.25),
(248, 17, 12, 'M4A4', 'Desert-Strike', 'Red', 9.99, 7.15, 7.31, 6.79, 7.20, 36.72, 23.81, 13.70, 19.22, 16.68, 8.75),
(249, 18, 14, 'SCAR-20', 'Green Marine', 'Blue', 0.47, 0.27, 0.13, 6.70, 0.11, 1.51, 0.72, 0.28, 0.34, 0.22, 0.37),
(250, 18, 1, 'XM1014', 'Scumbria', 'Blue', 0.66, 0.27, 0.13, 0.12, 0.13, 2.15, 0.76, 0.32, 0.25, 0.23, 0.20),
(251, 18, 3, 'MAG-7', 'Cobalt Core', 'Blue', 0.43, 0.30, 0.15, 0.16, 0.15, 1.47, 0.91, 0.36, 0.34, 0.30, 0.30),
(252, 18, 3, 'MAC-10', 'Rangeen', 'Blue', 0.45, 0.33, 0.20, 0.32, 0.28, 1.84, 1.06, 0.62, 0.77, 0.74, 0.37),
(253, 18, 17, 'FAMAS', 'Survivor Z', 'Blue', 0.73, 0.49, 0.32, 0.45, 0.29, 2.24, 1.45, 0.94, 1.30, 0.95, 0.52),
(254, 18, 14, 'Glock-18', 'Wraiths', 'Blue', 0.64, 0.28, 0.13, 0.27, 0.13, 4.14, 1.29, 0.66, 1.67, 0.67, 0.30),
(255, 18, 1, 'Dual Berettas', 'Dualing Dragons', 'Blue', 1.97, 0.40, 0.20, 0.16, 0.16, 6.25, 1.36, 0.66, 0.53, 0.54, 0.35),
(256, 18, 68, 'MP7', 'Special Delivery', 'Purple', 2.93, 1.88, 1.55, 1.28, 1.16, 8.08, 4.85, 2.87, 2.47, 1.86, 2.04),
(257, 18, 1, 'M249', 'Nebula Crusader', 'Purple', 4.26, 1.90, 1.22, 1.09, 0.99, 15.05, 5.05, 2.77, 2.31, 2.01, 1.61),
(258, 18, 19, 'P250', 'Wingshot', 'Purple', 4.25, 2.01, 1.20, 1.45, 1.08, 13.97, 5.42, 3.03, 2.73, 2.45, 1.82),
(259, 18, 19, 'Galil AR', 'Stone Cold', 'Purple', 6.78, 2.71, 1.29, 1.14, 1.03, 23.07, 7.68, 3.12, 2.58, 2.25, 2.19),
(260, 18, 69, 'SSG 08', 'Big Iron', 'Pink', 13.85, 8.37, 5.75, 5.85, 4.80, 54.95, 30.24, 16.27, 13.56, 13.08, 9.26),
(261, 18, 19, 'G3SG1', 'Flux', 'Pink', 17.41, 9.24, 5.69, 4.87, 4.49, 54.21, 31.65, 15.96, 11.75, 11.38, 8.28),
(262, 18, 70, 'AK-47', 'Frontside Misty', 'Pink', 57.34, 30.03, 20.08, 19.16, 15.10, 143.41, 64.30, 40.61, 37.49, 29.35, 25.13),
(263, 18, 1, 'M4A1-S', 'Golden Coil', 'Red', 54.07, 27.73, 16.17, 13.64, 11.36, 179.40, 82.23, 59.89, 37.74, 30.24, 22.71),
(264, 18, 1, 'USP-S', 'Kill Confirmed', 'Red', 198.43, 102.83, 69.19, 55.37, 49.31, 723.81, 357.40, 206.42, 149.27, 110.77, 90.09),
(265, 19, 77, 'Sawed-Off', 'Fubar', 'Blue', 0.00, 0.00, 0.00, 0.11, 0.06, 0.00, 0.00, 0.00, 0.81, 0.14, 0.08),
(266, 19, 66, 'G3SG1', 'Orange Crash', 'Blue', 0.25, 0.13, 0.07, 0.09, 0.07, 1.06, 0.48, 0.20, 0.35, 0.21, 0.16),
(267, 19, 3, 'M249', 'Spectre', 'Blue', 0.29, 0.18, 0.09, 0.14, 0.12, 1.01, 0.57, 0.26, 0.30, 0.28, 0.20),
(268, 19, 17, 'P2000', 'Oceanic', 'Blue', 0.26, 0.13, 0.08, 0.12, 0.08, 0.94, 0.47, 0.22, 0.35, 0.19, 0.15),
(269, 19, 16, 'Dual Berettas', 'Ventilators', 'Blue', 0.27, 0.14, 0.07, 0.14, 0.00, 0.93, 0.46, 0.28, 0.35, 0.00, 0.18),
(270, 19, 78, 'SG 553', 'Atlas', 'Blue', 0.28, 0.20, 0.07, 0.20, 0.07, 1.44, 0.45, 0.18, 0.53, 0.20, 0.14),
(271, 19, 3, 'MP9', 'Bioleak', 'Blue', 0.42, 0.30, 0.16, 0.54, 0.15, 1.98, 1.30, 0.60, 1.03, 0.75, 0.36),
(272, 19, 79, 'Tec-9', 'Re-Entry', 'Purple', 1.41, 0.64, 0.38, 0.54, 0.00, 4.60, 2.05, 0.95, 1.15, 0.00, 0.91),
(273, 19, 1, 'CZ75-Auto', 'Red Astor', 'Purple', 1.65, 0.64, 0.35, 0.34, 0.34, 6.31, 2.08, 0.95, 0.79, 0.69, 0.54),
(274, 19, 1, 'Galil AR', 'Firefight', 'Purple', 1.99, 0.68, 0.38, 0.35, 0.35, 7.67, 2.28, 1.10, 0.93, 0.83, 0.59),
(275, 19, 15, 'XM1014', 'Black Tie', 'Purple', 2.04, 0.90, 0.38, 0.40, 0.35, 8.99, 3.46, 1.21, 1.54, 0.91, 0.86),
(276, 19, 1, 'SSG 08', 'Ghost Crusader', 'Purple', 4.22, 1.52, 0.61, 0.50, 0.46, 14.67, 5.59, 2.57, 1.92, 1.65, 1.13),
(277, 19, 80, 'UMP-45', 'Primal Saber', 'Pink', 7.87, 3.52, 1.85, 3.08, 1.83, 28.54, 11.16, 4.98, 6.88, 3.80, 3.41),
(278, 19, 1, 'AUG', 'Fleet Flock', 'Pink', 13.47, 4.39, 1.95, 1.78, 1.76, 47.63, 12.45, 5.16, 3.83, 3.62, 3.29),
(279, 19, 46, 'P250', 'Asiimov', 'Pink', 0.00, 23.69, 4.78, 4.64, 2.67, 0.00, 77.46, 16.64, 13.42, 7.14, 5.41),
(280, 19, 3, 'PP-Bizon', 'Judgement of Anubis', 'Red', 12.23, 8.00, 5.68, 5.14, 5.20, 50.40, 28.64, 13.47, 14.32, 13.44, 9.62),
(281, 19, 81, 'M4A1-S', 'Chantico\'s Fire', 'Red', 73.82, 29.24, 16.42, 12.21, 9.77, 374.15, 82.76, 43.45, 29.83, 23.98, 23.12),
(282, 20, 14, 'G3SG1', 'Black Sand', 'Blue', 0.63, 0.41, 0.27, 0.28, 0.26, 2.08, 1.22, 0.54, 0.62, 0.46, 0.38),
(283, 20, 14, 'Nova', 'Plume', 'Blue', 0.75, 0.42, 0.28, 0.33, 0.29, 2.17, 1.17, 0.55, 0.66, 0.46, 0.40),
(284, 20, 99, 'M249', 'Warbird', 'Blue', 1.11, 0.41, 0.28, 0.33, 0.28, 2.56, 1.07, 0.55, 0.53, 0.48, 0.37),
(285, 20, 16, 'SCAR-20', 'Torn', 'Blue', 0.61, 0.43, 0.29, 0.29, 0.00, 1.78, 1.08, 0.55, 0.52, 0.00, 0.48),
(286, 20, 14, 'R8 Revolver', 'Memento', 'Blue', 0.91, 0.45, 0.29, 0.33, 0.28, 3.46, 1.23, 0.60, 0.73, 0.47, 0.44),
(287, 20, 22, 'MP5-SD', 'Acid Wash', 'Blue', 0.64, 0.42, 0.29, 0.33, 0.26, 2.06, 1.18, 0.55, 0.79, 0.50, 0.42),
(288, 20, 1, 'Dual Berettas', 'Balance', 'Blue', 1.13, 0.42, 0.33, 0.32, 0.39, 5.12, 1.13, 0.63, 0.52, 0.54, 0.43),
(289, 20, 1, 'P2000', 'Obsidian', 'Purple', 2.86, 1.40, 0.56, 0.48, 0.49, 9.26, 4.02, 1.34, 1.20, 1.13, 0.94),
(290, 20, 1, 'PP-Bizon', 'Embargo', 'Purple', 2.91, 1.40, 0.61, 0.49, 0.54, 8.95, 4.13, 1.58, 1.23, 1.27, 0.97),
(291, 20, 1, 'MP7', 'Neon Ply', 'Purple', 3.15, 1.41, 0.62, 0.56, 0.61, 9.85, 4.20, 2.08, 1.52, 1.48, 1.04),
(292, 20, 12, 'AUG', 'Arctic Wolf', 'Purple', 7.00, 3.79, 1.81, 2.33, 0.99, 26.46, 12.20, 5.45, 5.98, 2.45, 3.49),
(293, 20, 1, 'AK-47', 'Rat Rod', 'Purple', 11.60, 7.00, 5.08, 5.86, 4.98, 34.23, 18.33, 13.35, 12.74, 12.75, 6.81),
(294, 20, 1, 'SG 553', 'Colony IV', 'Pink', 27.62, 11.04, 4.68, 3.51, 3.13, 94.55, 34.21, 12.49, 8.78, 6.18, 7.56),
(295, 20, 15, 'Tec-9', 'Decimator', 'Pink', 21.60, 11.40, 5.76, 5.82, 4.74, 69.85, 33.19, 14.14, 14.60, 9.70, 10.17),
(296, 20, 100, 'SSG 08', 'Bloodshot', 'Pink', 0.00, 34.68, 4.17, 5.49, 3.48, 0.00, 154.75, 11.49, 14.92, 9.04, 5.28),
(297, 20, 1, 'MAC-10', 'Stalker', 'Red', 55.42, 22.09, 12.69, 9.17, 7.40, 191.55, 65.98, 36.35, 23.59, 19.35, 17.32),
(298, 20, 1, 'AWP', 'Containment Breach', 'Red', 198.34, 95.84, 57.95, 44.35, 33.16, 697.72, 242.95, 130.56, 93.28, 59.26, 73.04),
(299, 21, 11, 'G3SG1', 'Murky', 'Blue', 0.54, 0.38, 0.30, 0.00, 0.00, 1.67, 0.93, 0.79, 0.00, 0.00, 0.52),
(300, 21, 21, 'MP9', 'Dart', 'Blue', 0.74, 0.50, 0.28, 0.35, 0.54, 2.59, 1.54, 0.86, 0.99, 1.41, 0.57),
(301, 21, 11, 'Five-SeveN', 'Urban Hazard', 'Blue', 0.64, 0.52, 0.49, 0.00, 0.00, 2.28, 1.49, 1.11, 0.00, 0.00, 0.69),
(302, 21, 54, 'UMP-45', 'Delusion', 'Blue', 1.43, 0.39, 0.30, 0.00, 0.00, 3.20, 0.96, 0.75, 0.00, 0.00, 0.41),
(303, 21, 55, 'MAG-7', 'Firestarter', 'Blue', 2.81, 0.40, 0.33, 0.48, 0.55, 10.86, 1.20, 0.83, 1.02, 1.38, 0.46),
(304, 21, 1, 'Sawed-Off', 'Highwayman', 'Purple', 1.85, 0.91, 0.48, 0.42, 0.53, 9.55, 3.56, 1.31, 0.90, 0.91, 0.75),
(305, 21, 56, 'Glock-18', 'Grinder', 'Purple', 1.72, 1.33, 1.45, 0.00, 0.00, 7.42, 5.34, 4.95, 0.00, 0.00, 1.94),
(306, 21, 22, 'M4A1-S', 'Basilisk', 'Purple', 4.10, 2.19, 1.72, 3.66, 2.08, 17.18, 9.04, 6.54, 8.87, 7.25, 2.88),
(307, 21, 14, 'M4A4', 'Griffin', 'Purple', 9.11, 5.17, 3.93, 5.92, 3.73, 26.64, 13.08, 8.44, 12.63, 8.23, 5.33),
(308, 21, 15, 'P250', 'Cartel', 'Pink', 12.13, 5.03, 3.40, 4.26, 3.28, 60.35, 16.76, 9.84, 12.77, 9.38, 5.91),
(309, 21, 1, 'SCAR-20', 'Cardiac', 'Pink', 14.71, 5.34, 3.24, 2.93, 3.01, 78.92, 16.42, 9.31, 7.77, 6.92, 4.81),
(310, 21, 3, 'XM1014', 'Tranquility', 'Pink', 18.42, 7.90, 4.48, 3.47, 3.31, 73.33, 23.28, 11.63, 9.35, 9.38, 10.64),
(311, 21, 17, 'P2000', 'Fire Elemental', 'Red', 15.16, 8.31, 6.09, 8.55, 6.46, 94.64, 43.52, 27.24, 25.83, 21.78, 11.68),
(312, 21, 57, 'AK-47', 'Wasteland Rebel', 'Red', 146.43, 42.44, 30.65, 36.59, 29.27, 0.00, 187.14, 92.67, 83.79, 86.50, 43.30),
(313, 22, 1, 'Nova', 'Ranger', 'Blue', 0.63, 0.32, 0.22, 0.22, 0.19, 1.62, 0.83, 0.49, 0.36, 0.32, 0.28),
(314, 22, 12, 'UMP-45', 'Riot', 'Blue', 0.47, 0.29, 0.22, 0.27, 0.21, 1.31, 0.79, 0.42, 0.47, 0.34, 0.30),
(315, 22, 14, 'Glock-18', 'Bunsen Burner', 'Blue', 0.84, 0.32, 0.20, 0.48, 0.20, 4.95, 1.55, 0.83, 2.20, 0.83, 0.40),
(316, 22, 1, 'P90', 'Elite Build', 'Blue', 1.82, 0.34, 0.19, 0.16, 0.14, 9.12, 2.71, 0.67, 0.41, 0.36, 0.36),
(317, 22, 21, 'USP-S', 'Torque', 'Blue', 2.16, 1.74, 1.23, 1.40, 1.65, 6.12, 4.55, 3.12, 3.34, 4.30, 1.89),
(318, 22, 1, 'Galil AR', 'Rocket Pop', 'Blue', 6.31, 2.06, 0.68, 0.38, 0.22, 17.03, 3.98, 1.40, 0.82, 0.61, 1.15),
(319, 22, 17, 'FAMAS', 'Neural Net', 'Purple', 2.76, 1.62, 0.80, 1.04, 0.77, 6.74, 3.92, 2.02, 2.12, 1.62, 1.53),
(320, 22, 3, 'MP9', 'Ruby Poison Dart', 'Purple', 2.49, 1.45, 0.82, 1.01, 0.90, 8.00, 5.02, 2.33, 2.64, 2.30, 1.68),
(321, 22, 1, 'P2000', 'Handgun', 'Purple', 3.07, 0.91, 0.48, 0.42, 0.40, 12.29, 2.78, 1.29, 0.94, 0.94, 0.75),
(322, 22, 65, 'Negev', 'Loudmouth', 'Purple', 0.00, 5.30, 0.46, 0.56, 0.41, 0.00, 16.09, 1.28, 1.84, 1.15, 1.07),
(323, 22, 66, 'M4A4', 'Evil Daimyo', 'Purple', 7.66, 4.76, 3.30, 3.93, 3.27, 22.67, 13.50, 7.88, 10.39, 8.06, 5.46),
(324, 22, 1, 'CZ75-Auto', 'Yellow Jacket', 'Pink', 11.53, 6.04, 3.94, 3.21, 3.11, 33.73, 14.45, 7.81, 7.26, 6.45, 4.91),
(325, 22, 67, 'MP7', 'Nemesis', 'Pink', 9.79, 5.79, 4.33, 0.00, 0.00, 29.14, 14.95, 8.94, 0.00, 0.00, 8.26),
(326, 22, 1, 'SG 553', 'Cyrex', 'Pink', 18.20, 7.45, 4.50, 3.47, 3.25, 62.15, 24.80, 11.34, 7.59, 7.11, 6.11),
(327, 22, 1, 'AK-47', 'Aquamarine Revenge', 'Red', 76.81, 50.91, 33.40, 25.56, 20.42, 240.95, 130.80, 74.27, 59.49, 43.94, 39.90),
(328, 22, 1, 'AWP', 'Hyper Beast', 'Red', 94.62, 53.65, 34.89, 27.78, 21.19, 306.31, 143.87, 76.10, 58.90, 48.43, 42.63),
(329, 23, 50, 'XM1014', 'Red Python', 'Blue', 0.00, 1.43, 1.07, 0.87, 0.88, 0.00, 2.47, 1.68, 1.52, 1.08, 1.23),
(330, 23, 25, 'SSG 08', 'Dark Water', 'Blue', 0.00, 1.45, 1.21, 0.00, 0.00, 0.00, 2.57, 1.65, 0.00, 0.00, 1.41),
(331, 23, 5, 'CZ75-Auto', 'Hexane', 'Blue', 3.03, 1.50, 1.14, 1.15, 0.00, 11.47, 2.88, 1.52, 2.25, 0.00, 2.14),
(332, 23, 1, 'Negev', 'Bratatat', 'Blue', 5.23, 2.25, 1.41, 1.13, 0.91, 22.08, 4.71, 2.52, 1.37, 1.58, 1.74),
(333, 23, 7, 'USP-S', 'Blood Tiger', 'Blue', 2.99, 1.49, 1.28, 0.00, 0.00, 10.19, 3.88, 4.17, 0.00, 0.00, 2.48),
(334, 23, 2, 'MAC-10', 'Ultraviolet', 'Blue', 12.29, 1.74, 1.10, 0.72, 0.66, 25.18, 3.49, 1.38, 1.13, 1.07, 1.25),
(335, 23, 2, 'P90', 'Virus', 'Purple', 3.71, 1.52, 0.94, 1.18, 1.04, 15.63, 2.99, 1.56, 1.38, 2.56, 1.19),
(336, 23, 4, 'Glock-18', 'Steel Disruption', 'Purple', 2.65, 1.71, 2.81, 0.00, 0.00, 5.78, 4.73, 4.68, 0.00, 0.00, 2.61),
(337, 23, 9, 'MP7', 'Ocean Foam', 'Purple', 2.93, 2.72, 0.00, 0.00, 0.00, 6.09, 8.84, 0.00, 0.00, 0.00, 3.25),
(338, 23, 2, 'PP-Bizon', 'Blue Streak', 'Purple', 6.63, 1.88, 0.95, 1.25, 1.29, 22.91, 4.23, 1.62, 1.64, 1.37, 1.32),
(339, 23, 2, 'Desert Eagle', 'Crimson Web', 'Purple', 99.35, 23.55, 6.23, 6.77, 5.90, 405.17, 63.48, 20.53, 16.79, 13.66, 11.80),
(340, 23, 51, 'P2000', 'Corticera', 'Pink', 11.61, 4.62, 3.96, 0.00, 0.00, 23.16, 11.91, 7.82, 0.00, 0.00, 5.07),
(341, 23, 2, 'Nova', 'Bloomstick', 'Pink', 46.22, 10.28, 4.47, 3.87, 4.48, 98.73, 26.02, 10.11, 10.53, 7.62, 6.45),
(342, 23, 52, 'AUG', 'Bengal Tiger', 'Pink', 64.85, 9.10, 4.22, 3.79, 3.93, 118.48, 29.54, 8.71, 9.75, 9.33, 6.16),
(343, 23, 51, 'AWP', 'Corticera', 'Pink', 26.28, 11.60, 10.14, 0.00, 0.00, 68.42, 31.10, 25.22, 0.00, 0.00, 13.08),
(344, 23, 53, 'M4A4', 'Bullet Rain', 'Red', 43.54, 17.84, 11.57, 14.72, 25.32, 153.54, 61.47, 31.32, 33.50, 71.67, 23.14),
(345, 23, 1, 'AK-47', 'Jaguar', 'Red', 103.73, 49.10, 27.37, 24.35, 21.17, 316.24, 150.77, 81.49, 67.32, 52.24, 39.55),
(346, 24, 12, 'XM1014', 'Oxide Blaze', 'Blue', 0.21, 0.09, 0.07, 0.07, 0.07, 0.69, 0.34, 0.15, 0.19, 0.15, 0.11),
(347, 24, 14, 'PP-Bizon', 'Night Riot', 'Blue', 0.21, 0.09, 0.07, 0.07, 0.07, 0.80, 0.29, 0.15, 0.19, 0.15, 0.10),
(348, 24, 1, 'P2000', 'Urban Hazard', 'Blue', 0.22, 0.09, 0.07, 0.07, 0.07, 0.87, 0.28, 0.19, 0.15, 0.15, 0.09),
(349, 24, 72, 'Five-SeveN', 'Flame Test', 'Blue', 0.21, 0.09, 0.07, 0.08, 0.07, 0.70, 0.33, 0.16, 0.32, 0.16, 0.11),
(350, 24, 1, 'R8 Revolver', 'Grip', 'Blue', 0.27, 0.09, 0.07, 0.07, 0.07, 1.04, 0.29, 0.15, 0.15, 0.15, 0.09),
(351, 24, 1, 'MP9', 'Black Sand', 'Blue', 0.25, 0.09, 0.07, 0.07, 0.07, 1.06, 0.29, 0.16, 0.15, 0.15, 0.09),
(352, 24, 61, 'SG 553', 'Aloha', 'Blue', 0.20, 0.11, 0.07, 0.07, 0.07, 0.76, 0.38, 0.18, 0.25, 0.16, 0.13),
(353, 24, 61, 'Negev', 'Lionfish', 'Purple', 1.22, 0.57, 0.36, 0.40, 0.42, 3.53, 1.58, 0.82, 0.73, 0.69, 0.68),
(354, 24, 14, 'Nova', 'Wild Six', 'Purple', 1.34, 0.61, 0.38, 0.43, 0.38, 3.85, 1.59, 0.76, 0.72, 0.67, 0.58),
(355, 24, 20, 'MAG-7', 'SWAG-7', 'Purple', 1.51, 0.57, 0.35, 0.36, 0.35, 4.97, 1.63, 0.81, 0.68, 0.67, 0.53),
(356, 24, 14, 'UMP-45', 'Arctic Wolf', 'Purple', 1.31, 0.64, 0.41, 0.45, 0.39, 3.99, 1.76, 0.76, 1.06, 0.64, 0.61),
(357, 24, 72, 'Glock-18', 'Moonrise', 'Purple', 1.36, 0.73, 0.40, 0.60, 0.39, 5.23, 2.65, 1.27, 2.37, 1.03, 0.78),
(358, 24, 84, 'AUG', 'Stymphalian', 'Pink', 6.34, 3.38, 1.84, 1.84, 1.76, 21.32, 7.70, 3.59, 3.65, 3.44, 3.34),
(359, 24, 69, 'AWP', 'Mortis', 'Pink', 6.44, 3.59, 2.31, 3.54, 2.43, 21.24, 10.39, 6.99, 9.38, 7.20, 3.96),
(360, 24, 1, 'USP-S', 'Cortex', 'Pink', 14.80, 6.85, 4.06, 3.60, 3.25, 44.88, 18.59, 10.06, 8.30, 7.31, 5.56),
(361, 24, 72, 'MP7', 'Bloodsport', 'Red', 6.36, 4.05, 3.11, 3.32, 2.57, 21.59, 11.97, 5.72, 8.46, 4.47, 4.33),
(362, 24, 19, 'M4A4', 'Neo-Noir', 'Red', 82.22, 32.37, 13.73, 11.47, 8.64, 234.33, 87.40, 33.69, 27.43, 20.76, 24.26),
(363, 25, 3, 'SCAR-20', 'Jungle Slipstream', 'Blue', 0.20, 0.09, 0.07, 0.13, 0.12, 0.64, 0.28, 0.16, 0.16, 0.16, 0.13),
(364, 25, 1, 'Sawed-Off', 'Morris', 'Blue', 0.29, 0.09, 0.07, 0.07, 0.07, 0.90, 0.29, 0.15, 0.14, 0.15, 0.09),
(365, 25, 1, 'G3SG1', 'Hunter', 'Blue', 0.29, 0.09, 0.07, 0.07, 0.07, 0.99, 0.29, 0.15, 0.15, 0.22, 0.10),
(366, 25, 1, 'Tec-9', 'Cracked Opal', 'Blue', 0.26, 0.09, 0.07, 0.07, 0.07, 1.17, 0.32, 0.16, 0.15, 0.15, 0.09),
(367, 25, 17, 'MAC-10', 'Oceanic', 'Blue', 0.21, 0.12, 0.09, 0.12, 0.08, 0.86, 0.45, 0.23, 0.40, 0.20, 0.15),
(368, 25, 1, 'AUG', 'Triqua', 'Blue', 0.64, 0.12, 0.07, 0.07, 0.07, 2.66, 0.68, 0.32, 0.29, 0.29, 0.14),
(369, 25, 1, 'Glock-18', 'Off World', 'Blue', 0.79, 0.14, 0.11, 0.11, 0.11, 3.65, 0.88, 0.53, 0.50, 0.50, 0.19),
(370, 25, 97, 'XM1014', 'Ziggy', 'Purple', 1.15, 0.59, 0.33, 0.39, 0.33, 3.41, 1.59, 0.70, 0.96, 0.70, 0.56),
(371, 25, 61, 'UMP-45', 'Exposure', 'Purple', 1.11, 0.54, 0.34, 0.42, 0.38, 3.22, 1.50, 0.88, 1.08, 0.80, 0.65),
(372, 25, 17, 'MP9', 'Goo', 'Purple', 1.35, 0.57, 0.34, 0.49, 0.36, 3.75, 1.90, 0.94, 1.51, 1.01, 0.68),
(373, 25, 17, 'SG 553', 'Phantom', 'Purple', 1.13, 0.56, 0.34, 0.39, 0.36, 4.00, 2.54, 0.86, 1.36, 0.90, 0.66),
(374, 25, 12, 'CZ75-Auto', 'Tacticat', 'Purple', 1.23, 0.62, 0.36, 0.45, 0.35, 3.93, 2.08, 0.69, 1.14, 0.66, 0.62),
(375, 25, 1, 'PP-Bizon', 'High Roller', 'Pink', 9.49, 4.35, 2.83, 2.69, 2.51, 32.16, 11.47, 6.47, 5.04, 4.53, 3.76),
(376, 25, 12, 'R8 Revolver', 'Llama Cannon', 'Pink', 9.15, 4.36, 2.77, 2.74, 2.51, 31.77, 10.88, 6.36, 4.88, 4.80, 4.53),
(377, 25, 12, 'M4A1-S', 'Leaded Glass', 'Pink', 8.58, 4.69, 3.18, 4.15, 3.15, 26.15, 12.82, 7.62, 11.56, 7.42, 4.92),
(378, 25, 12, 'P250', 'See Ya Later', 'Red', 12.69, 7.13, 4.22, 5.38, 3.47, 50.95, 26.22, 11.96, 13.54, 7.69, 7.28),
(379, 25, 1, 'AK-47', 'The Empress', 'Red', 124.34, 59.09, 40.26, 35.43, 31.97, 374.56, 164.86, 102.05, 81.05, 71.97, 51.88),
(380, 26, 44, 'UMP-45', 'Corporal', 'Blue', 0.46, 0.25, 0.16, 0.21, 0.15, 1.48, 0.59, 0.36, 0.33, 0.27, 0.21),
(381, 26, 16, 'Negev', 'Terrain', 'Blue', 0.39, 0.27, 0.18, 0.16, 0.00, 1.14, 0.72, 0.36, 0.33, 0.00, 0.30),
(382, 26, 5, 'MAG-7', 'Heaven Guard', 'Blue', 0.39, 0.26, 0.18, 0.21, 0.00, 1.15, 0.63, 0.46, 0.47, 0.00, 0.31),
(383, 26, 45, 'Tec-9', 'Sandstorm', 'Blue', 0.00, 0.82, 0.16, 0.19, 0.14, 0.00, 2.29, 0.39, 0.56, 0.33, 0.24),
(384, 26, 46, 'FAMAS', 'Sergeant', 'Purple', 0.00, 3.53, 1.55, 1.31, 1.17, 0.00, 8.78, 3.17, 2.63, 2.05, 1.57),
(385, 26, 1, 'MAC-10', 'Heat', 'Purple', 4.46, 2.65, 1.50, 1.36, 1.21, 12.59, 7.52, 3.13, 2.81, 2.18, 2.03),
(386, 26, 40, 'SG 553', 'Pulse', 'Purple', 0.00, 4.28, 1.49, 1.76, 1.34, 0.00, 11.19, 3.10, 4.07, 2.49, 2.05),
(387, 26, 24, 'USP-S', 'Guardian', 'Purple', 4.08, 2.66, 1.58, 0.00, 0.00, 9.99, 7.29, 4.16, 0.00, 0.00, 3.17),
(388, 26, 47, 'P90', 'Trigon', 'Pink', 0.00, 7.38, 5.88, 6.16, 7.75, 0.00, 16.39, 12.63, 14.82, 13.12, 6.64),
(389, 26, 7, 'Nova', 'Antique', 'Pink', 8.23, 6.66, 6.72, 0.00, 0.00, 25.52, 15.34, 13.54, 0.00, 0.00, 8.46),
(390, 26, 45, 'AK-47', 'Redline', 'Pink', 0.00, 73.97, 20.52, 18.75, 10.78, 0.00, 217.52, 54.59, 42.87, 25.79, 26.93),
(391, 26, 3, 'AUG', 'Chameleon', 'Red', 7.27, 5.09, 4.46, 5.99, 5.85, 28.24, 17.71, 11.18, 13.38, 14.24, 6.56),
(392, 26, 43, 'AWP', 'Asiimov', 'Red', 0.00, 0.00, 97.42, 75.99, 60.80, 0.00, 0.00, 231.41, 162.55, 151.84, 88.27),
(393, 27, 3, 'CZ75-Auto', 'Polymer', 'Blue', 0.25, 0.16, 0.12, 0.13, 0.13, 1.02, 0.47, 0.29, 0.29, 0.28, 0.20),
(394, 27, 16, 'MAG-7', 'Sonar', 'Blue', 0.26, 0.68, 0.13, 0.15, 0.00, 0.90, 0.53, 0.29, 0.25, 0.00, 0.33),
(395, 27, 16, 'MP9', 'Sand Scale', 'Blue', 0.27, 0.18, 0.13, 0.12, 0.00, 0.90, 0.56, 0.46, 0.34, 0.00, 0.22),
(396, 27, 1, 'P2000', 'Turf', 'Blue', 0.47, 0.20, 0.13, 0.13, 0.15, 2.01, 0.49, 0.28, 0.25, 0.22, 0.18),
(397, 27, 1, 'Galil AR', 'Black Sand', 'Blue', 0.49, 0.16, 0.12, 0.12, 0.12, 2.28, 0.63, 0.38, 0.29, 0.29, 0.17),
(398, 27, 15, 'MP7', 'Cirrus', 'Blue', 0.75, 0.29, 0.14, 0.26, 0.13, 2.79, 1.07, 0.45, 0.90, 0.36, 0.30),
(399, 27, 1, 'Glock-18', 'Ironwork', 'Blue', 0.68, 0.19, 0.13, 0.13, 0.12, 4.03, 1.02, 0.55, 0.50, 0.50, 0.22),
(400, 27, 12, 'G3SG1', 'Stinger', 'Purple', 1.17, 0.59, 0.35, 0.41, 0.36, 3.54, 1.62, 0.72, 0.89, 0.67, 0.59),
(401, 27, 7, 'Nova', 'Gila', 'Purple', 1.15, 0.54, 0.42, 0.00, 0.00, 3.21, 1.41, 0.82, 0.00, 0.00, 0.89),
(402, 27, 1, 'Dual Berettas', 'Royal Consorts', 'Purple', 2.05, 0.74, 0.36, 0.36, 0.34, 6.17, 2.02, 0.79, 0.69, 0.70, 0.57),
(403, 27, 1, 'M4A1-S', 'Flashback', 'Purple', 2.92, 1.22, 0.75, 0.70, 0.75, 11.06, 4.80, 3.14, 3.07, 3.10, 1.20),
(404, 27, 61, 'USP-S', 'Cyrex', 'Purple', 4.13, 2.70, 1.83, 2.50, 1.71, 14.41, 8.37, 4.97, 6.57, 4.28, 3.05),
(405, 27, 12, 'Sawed-Off', 'Wasteland Princess', 'Pink', 6.91, 3.46, 1.99, 2.36, 1.84, 18.09, 8.69, 5.34, 3.71, 3.56, 3.38),
(406, 27, 15, 'P90', 'Shallow Grave', 'Pink', 6.25, 3.48, 1.93, 2.40, 1.84, 18.92, 8.71, 4.50, 5.89, 3.92, 3.18),
(407, 27, 3, 'FAMAS', 'Mecha Industries', 'Pink', 6.53, 4.17, 2.66, 2.63, 2.52, 19.03, 9.83, 5.38, 5.43, 4.85, 4.53),
(408, 27, 3, 'SSG 08', 'Dragonfire', 'Red', 21.10, 14.31, 11.16, 11.06, 9.49, 77.03, 45.34, 33.45, 35.04, 26.67, 17.51),
(409, 27, 12, 'M4A4', 'Buzz Kill', 'Red', 31.16, 17.90, 12.28, 13.40, 10.31, 102.32, 53.71, 32.65, 31.08, 26.87, 18.71),
(410, 28, 12, 'R8 Revolver', 'Survivalist', 'Blue', 0.38, 0.18, 0.11, 0.13, 0.12, 0.94, 0.66, 0.27, 0.34, 0.21, 0.19),
(411, 28, 3, 'Dual Berettas', 'Shred', 'Blue', 0.32, 0.18, 0.12, 0.20, 0.14, 0.95, 0.66, 0.33, 0.35, 0.34, 0.22),
(412, 28, 61, 'AUG', 'Amber Slipstream', 'Blue', 0.28, 0.18, 0.11, 0.12, 0.11, 1.18, 0.68, 0.33, 0.54, 0.32, 0.21),
(413, 28, 1, 'Tec-9', 'Snek-9', 'Blue', 0.40, 0.16, 0.11, 0.09, 0.09, 1.84, 0.60, 0.27, 0.22, 0.21, 0.15),
(414, 28, 12, 'MP9', 'Capillary', 'Blue', 0.41, 0.23, 0.13, 0.21, 0.12, 1.74, 0.76, 0.34, 0.57, 0.32, 0.23),
(415, 28, 1, 'P90', 'Traction', 'Blue', 0.80, 0.19, 0.15, 0.11, 0.12, 3.41, 0.79, 0.34, 0.28, 0.26, 0.20),
(416, 28, 1, 'Glock-18', 'Warhawk', 'Blue', 0.79, 0.23, 0.14, 0.14, 0.13, 4.96, 1.18, 0.62, 0.53, 0.50, 0.25),
(417, 28, 14, 'MP7', 'Powercore', 'Purple', 1.72, 0.81, 0.46, 0.63, 0.39, 5.70, 2.58, 1.03, 1.22, 0.82, 0.76),
(418, 28, 12, 'G3SG1', 'High Seas', 'Purple', 1.89, 0.97, 0.48, 0.53, 0.39, 6.67, 2.93, 1.17, 1.21, 0.86, 0.91),
(419, 28, 1, 'Nova', 'Toy Soldier', 'Purple', 1.93, 0.81, 0.46, 0.38, 0.38, 6.07, 2.45, 1.06, 0.81, 1.00, 0.65),
(420, 28, 1, 'CZ75-Auto', 'Eco', 'Purple', 2.46, 0.88, 0.55, 0.38, 0.38, 7.93, 2.73, 1.14, 0.82, 0.77, 0.72),
(421, 28, 3, 'AWP', 'PAW', 'Purple', 5.04, 2.93, 1.61, 2.03, 1.91, 18.09, 9.94, 5.43, 6.29, 6.27, 3.47),
(422, 28, 14, 'Sawed-Off', 'Devourer', 'Pink', 11.73, 6.53, 3.99, 3.78, 3.38, 36.38, 18.26, 8.85, 7.56, 6.00, 5.94),
(423, 28, 12, 'FAMAS', 'Eye of Athena', 'Pink', 11.61, 6.46, 4.08, 3.62, 3.24, 36.25, 18.04, 8.68, 8.43, 6.32, 6.31),
(424, 28, 1, 'M4A1-S', 'Nightmare', 'Pink', 22.34, 9.72, 5.14, 4.14, 3.85, 68.95, 31.17, 14.51, 10.34, 10.01, 7.52),
(425, 28, 1, 'Desert Eagle', 'Code Red', 'Red', 82.96, 47.72, 33.42, 26.10, 21.07, 207.59, 120.92, 77.64, 58.71, 50.66, 39.45),
(426, 28, 14, 'AK-47', 'Neon Rider', 'Red', 122.42, 66.37, 41.94, 42.70, 27.02, 396.92, 163.29, 91.02, 106.48, 53.16, 60.26),
(427, 29, 12, 'M249', 'Magma', 'Blue', 1.03, 0.72, 0.63, 0.67, 0.48, 1.85, 1.33, 1.02, 0.87, 0.73, 0.73),
(428, 29, 7, 'Five-SeveN', 'Kami', 'Blue', 1.09, 0.84, 0.75, 0.00, 0.00, 2.56, 1.52, 1.21, 0.00, 0.00, 1.02),
(429, 29, 39, 'PP-Bizon', 'Cobalt Halftone', 'Blue', 2.02, 0.73, 0.62, 0.61, 0.00, 3.89, 1.34, 1.06, 0.84, 0.00, 0.75),
(430, 29, 40, 'Galil AR', 'Sandstorm', 'Blue', 0.00, 2.92, 0.64, 0.87, 0.66, 0.00, 3.74, 1.21, 1.44, 1.02, 0.98),
(431, 29, 3, 'Nova', 'Rising Skull', 'Purple', 5.01, 4.09, 3.11, 2.81, 2.02, 10.73, 7.33, 5.73, 3.47, 6.27, 4.11),
(432, 29, 41, 'Dual Berettas', 'Marina', 'Purple', 11.73, 4.25, 3.28, 2.97, 2.70, 30.14, 7.86, 5.64, 4.77, 4.67, 4.06),
(433, 29, 5, 'FAMAS', 'Pulse', 'Purple', 6.63, 4.88, 4.06, 5.59, 0.00, 13.25, 8.07, 6.66, 8.16, 0.00, 5.50),
(434, 29, 7, 'MP9', 'Rose Iron', 'Purple', 10.93, 8.47, 6.64, 0.00, 0.00, 22.94, 16.09, 10.32, 0.00, 0.00, 10.04),
(435, 29, 1, 'P250', 'Mehndi', 'Pink', 21.78, 12.47, 10.46, 8.72, 7.75, 72.15, 29.72, 26.48, 30.16, 12.96, 12.12),
(436, 29, 3, 'M4A1-S', 'Guardian', 'Pink', 16.75, 13.44, 12.07, 9.29, 9.28, 55.64, 32.71, 29.97, 19.37, 24.25, 15.62),
(437, 29, 42, 'AWP', 'Redline', 'Pink', 0.00, 49.46, 29.45, 46.04, 0.00, 0.00, 126.90, 58.19, 69.01, 0.00, 39.95),
(438, 29, 5, 'Sawed-Off', 'The Kraken', 'Red', 8.16, 5.95, 5.12, 9.77, 0.00, 37.50, 20.52, 12.93, 72.94, 0.00, 8.07),
(439, 29, 43, 'M4A4', 'Asiimov', 'Red', 0.00, 0.00, 157.11, 103.08, 57.73, 0.00, 0.00, 552.89, 302.70, 151.41, 126.40),
(440, 30, 3, 'Negev', 'Desert-Strike', 'Blue', 0.23, 0.13, 0.07, 0.07, 0.29, 0.86, 0.42, 0.21, 0.21, 0.22, 0.16),
(441, 30, 3, 'MP7', 'Urban Hazard', 'Blue', 0.23, 0.13, 0.08, 0.09, 0.11, 0.84, 0.47, 0.23, 0.28, 0.22, 0.16);
INSERT INTO `skins` (`skin_id`, `case_id`, `odds`, `weapon`, `weapon_skin`, `color`, `FactoryNew`, `MinimalWear`, `FieldTested`, `WellWorm`, `BattleScared`, `FactoryNewSt`, `MinimalWearSt`, `FieldTestedSt`, `WellWormSt`, `BattleScaredSt`, `povprecje`) VALUES
(442, 30, 5, 'UMP-45', 'Labyrinth', 'Blue', 0.25, 0.19, 0.09, 0.15, 0.00, 0.83, 0.41, 0.21, 0.30, 0.00, 0.20),
(443, 30, 1, 'P2000', 'Ivory', 'Blue', 0.40, 0.14, 0.08, 0.07, 0.07, 1.29, 0.42, 0.20, 0.18, 0.16, 0.12),
(444, 30, 1, 'SSG 08', 'Abyss', 'Blue', 2.91, 0.70, 0.26, 0.21, 0.18, 9.49, 2.09, 0.94, 0.68, 0.69, 0.52),
(445, 30, 3, 'PP-Bizon', 'Osiris', 'Purple', 1.20, 0.72, 0.54, 0.55, 0.53, 3.72, 2.22, 1.49, 1.40, 1.23, 0.89),
(446, 30, 1, 'CZ75-Auto', 'Tigris', 'Purple', 1.61, 0.73, 0.50, 0.43, 0.42, 5.41, 2.23, 1.29, 1.13, 1.06, 0.66),
(447, 30, 7, 'Nova', 'Koi', 'Purple', 1.20, 0.72, 0.57, 0.00, 0.00, 3.75, 2.15, 1.63, 0.00, 0.00, 1.07),
(448, 30, 5, 'P250', 'Supernova', 'Purple', 1.18, 0.68, 0.50, 0.94, 0.00, 3.71, 2.26, 1.52, 2.93, 0.00, 0.93),
(449, 30, 1, 'Five-SeveN', 'Fowl Play', 'Pink', 6.51, 3.30, 1.88, 1.78, 1.84, 18.45, 8.06, 3.99, 3.46, 3.87, 2.62),
(450, 30, 7, 'Desert Eagle', 'Conspiracy', 'Pink', 7.55, 5.59, 4.78, 0.00, 0.00, 27.18, 18.62, 14.28, 0.00, 0.00, 7.74),
(451, 30, 12, 'Glock-18', 'Water Elemental', 'Pink', 10.72, 6.95, 5.09, 6.66, 4.29, 39.82, 23.28, 14.05, 16.35, 10.31, 7.47),
(452, 30, 3, 'M4A1-S', 'Cyrex', 'Red', 14.17, 10.01, 7.66, 9.02, 7.36, 54.64, 36.96, 21.74, 21.99, 21.95, 12.20),
(453, 30, 20, 'P90', 'Asiimov', 'Red', 42.10, 19.43, 9.41, 7.61, 5.82, 188.04, 59.05, 23.57, 18.13, 13.70, 15.14),
(454, 31, 15, 'Nova', 'Wood Fired', 'Blue', 0.21, 0.11, 0.07, 0.07, 0.07, 0.69, 0.34, 0.18, 0.22, 0.16, 0.11),
(455, 31, 19, 'Sawed-Off', 'Black Sand', 'Blue', 0.25, 0.11, 0.07, 0.07, 0.07, 0.96, 0.33, 0.18, 0.15, 0.15, 0.11),
(456, 31, 15, 'MP9', 'Modest Threat', 'Blue', 0.25, 0.11, 0.07, 0.11, 0.07, 1.34, 0.50, 0.23, 0.48, 0.22, 0.13),
(457, 31, 14, 'SG 553', 'Danger Close', 'Blue', 0.26, 0.09, 0.07, 0.08, 0.07, 1.37, 0.34, 0.18, 0.34, 0.18, 0.11),
(458, 31, 89, 'Tec-9', 'Fubar', 'Blue', 0.00, 0.63, 0.07, 0.07, 0.07, 0.00, 2.05, 0.18, 0.19, 0.15, 0.08),
(459, 31, 87, 'Glock-18', 'Oxide Blaze', 'Blue', 0.35, 0.11, 0.08, 0.11, 0.08, 2.11, 0.56, 0.36, 0.60, 0.38, 0.15),
(460, 31, 1, 'M4A4', 'Magnesium', 'Blue', 1.76, 0.49, 0.23, 0.15, 0.13, 8.58, 2.90, 1.70, 1.38, 1.35, 0.48),
(461, 31, 72, 'G3SG1', 'Scavenger', 'Purple', 1.16, 0.73, 0.55, 0.42, 0.40, 3.31, 2.01, 1.18, 0.96, 0.88, 0.76),
(462, 31, 19, 'MAC-10', 'Pipe Down', 'Purple', 1.42, 0.73, 0.56, 0.41, 0.40, 4.97, 2.08, 1.14, 0.93, 0.84, 0.70),
(463, 31, 3, 'Galil AR', 'Signal', 'Purple', 1.22, 0.72, 0.50, 0.48, 0.45, 3.56, 2.12, 1.33, 1.42, 1.33, 0.86),
(464, 31, 5, 'P250', 'Nevermore', 'Purple', 1.20, 0.69, 0.52, 0.57, 0.00, 3.61, 2.08, 1.28, 1.71, 0.00, 0.92),
(465, 31, 3, 'USP-S', 'Flashback', 'Purple', 1.29, 0.93, 0.79, 1.04, 1.09, 4.84, 3.31, 2.83, 3.06, 3.31, 1.21),
(466, 31, 3, 'UMP-45', 'Momentum', 'Pink', 8.08, 5.51, 3.93, 3.79, 3.68, 24.05, 12.47, 7.80, 7.18, 6.36, 6.05),
(467, 31, 14, 'MP5-SD', 'Phosphor', 'Pink', 8.61, 5.55, 3.74, 3.79, 3.55, 24.77, 12.74, 7.81, 7.24, 5.85, 5.11),
(468, 31, 17, 'Desert Eagle', 'Mecha Industries', 'Pink', 9.57, 6.45, 4.77, 5.52, 4.16, 31.87, 20.36, 13.94, 15.66, 11.30, 7.22),
(469, 31, 3, 'AWP', 'Neo-Noir', 'Red', 51.72, 41.89, 35.50, 33.47, 28.23, 131.47, 95.54, 68.74, 60.16, 57.08, 45.57),
(470, 31, 57, 'AK-47', 'Asiimov', 'Red', 175.95, 59.13, 37.10, 38.34, 28.03, 580.79, 133.24, 77.35, 76.62, 57.15, 49.00),
(471, 32, 17, 'FAMAS', 'Macabre', 'Blue', 1.67, 1.18, 1.00, 0.96, 0.86, 3.94, 3.11, 2.02, 1.83, 1.63, 1.29),
(472, 32, 12, 'UMP-45', 'Metal Flowers', 'Blue', 1.52, 1.20, 0.89, 0.89, 0.82, 4.56, 2.69, 1.91, 1.74, 1.61, 1.17),
(473, 32, 1, 'Tec-9', 'Cut Out', 'Blue', 2.78, 1.13, 0.94, 0.86, 0.93, 6.95, 2.91, 1.97, 1.64, 1.33, 1.13),
(474, 32, 72, 'MAC-10', 'Aloha', 'Blue', 2.13, 1.17, 0.94, 1.24, 0.82, 4.41, 3.10, 2.15, 3.15, 1.81, 1.32),
(475, 32, 16, 'MAG-7', 'Hard Water', 'Blue', 1.44, 1.25, 0.94, 0.97, 0.00, 4.87, 3.28, 2.09, 2.70, 0.00, 1.36),
(476, 32, 14, 'M4A1-S', 'Briefing', 'Blue', 5.82, 2.63, 1.45, 3.07, 1.44, 20.94, 8.55, 5.46, 7.31, 5.37, 2.67),
(477, 32, 92, 'USP-S', 'Blueprint', 'Blue', 23.56, 9.08, 4.44, 5.31, 3.32, 98.25, 29.24, 12.97, 13.70, 7.99, 8.18),
(478, 32, 14, 'P2000', 'Woodsman', 'Purple', 5.89, 4.28, 2.80, 2.54, 2.57, 14.71, 11.06, 7.13, 4.27, 5.29, 3.88),
(479, 32, 1, 'P250', 'Red Rock', 'Purple', 6.14, 4.16, 2.84, 2.40, 2.01, 14.33, 11.72, 6.43, 4.60, 4.61, 3.44),
(480, 32, 93, 'SSG 08', 'Death\'s Head', 'Purple', 5.37, 4.10, 2.87, 2.65, 2.78, 16.14, 10.99, 8.40, 10.01, 6.98, 4.45),
(481, 32, 1, 'P90', 'Death Grip', 'Purple', 8.64, 4.55, 3.13, 2.53, 3.98, 29.53, 11.14, 8.34, 5.79, 8.85, 4.18),
(482, 32, 61, 'AK-47', 'Orbit Mk01', 'Purple', 19.07, 14.42, 12.44, 13.59, 12.47, 55.20, 38.01, 29.76, 34.41, 31.57, 16.59),
(483, 32, 17, 'Dual Berettas', 'Cobra Strike', 'Pink', 32.69, 24.73, 18.38, 15.87, 14.93, 80.34, 52.61, 33.76, 69.69, 31.38, 24.55),
(484, 32, 61, 'Galil AR', 'Sugar Rush', 'Pink', 39.99, 27.05, 19.56, 17.16, 14.69, 98.78, 56.27, 41.54, 49.02, 28.51, 28.28),
(485, 32, 3, 'M4A4', 'Hellfire', 'Pink', 45.25, 26.89, 18.46, 17.13, 17.40, 145.50, 85.85, 40.87, 54.87, 45.08, 31.95),
(486, 32, 1, 'Five-SeveN', 'Hyper Beast', 'Red', 75.58, 31.91, 18.63, 12.95, 11.54, 315.00, 135.29, 58.96, 43.06, 32.93, 26.62),
(487, 32, 3, 'AWP', 'Oni Taiji', 'Red', 335.07, 244.19, 165.49, 121.20, 94.92, 749.44, 512.49, 282.09, 261.30, 189.57, 244.19),
(488, 33, 12, 'SG 553', 'Ol\' Rusty', 'Blue', 0.25, 0.13, 0.08, 0.09, 0.07, 0.91, 0.47, 0.19, 0.36, 0.18, 0.14),
(489, 33, 1, 'PP-Bizon', 'Runic', 'Blue', 0.42, 0.12, 0.08, 0.07, 0.07, 2.12, 0.52, 0.22, 0.19, 0.19, 0.12),
(490, 33, 1, 'P2000', 'Gnarled', 'Blue', 0.34, 0.12, 0.08, 0.07, 0.07, 1.42, 0.40, 0.20, 0.18, 0.16, 0.11),
(491, 33, 1, 'P90', 'Freight', 'Blue', 0.33, 0.13, 0.08, 0.07, 0.07, 1.36, 0.43, 0.22, 0.21, 0.21, 0.12),
(492, 33, 106, 'Negev', 'Ultralight', 'Blue', 0.28, 0.12, 0.09, 0.08, 0.07, 1.18, 0.41, 0.19, 0.22, 0.16, 0.13),
(493, 33, 17, 'P250', 'Cassette', 'Blue', 0.28, 0.18, 0.08, 0.11, 0.08, 1.68, 0.77, 0.29, 0.57, 0.29, 0.19),
(494, 33, 1, 'SSG 08', 'Mainframe 001', 'Blue', 0.87, 0.23, 0.13, 0.11, 0.11, 4.19, 1.08, 0.64, 0.60, 0.60, 0.23),
(495, 33, 14, 'MP5-SD', 'Kitbash', 'Purple', 1.93, 1.23, 0.79, 0.73, 0.64, 6.18, 3.33, 1.70, 1.51, 1.27, 1.11),
(496, 33, 14, 'Galil AR', 'Connexion', 'Purple', 2.40, 1.22, 0.79, 0.73, 0.64, 6.27, 3.34, 1.72, 1.62, 1.29, 1.15),
(497, 33, 1, 'MAC-10', 'Allure', 'Purple', 2.79, 1.24, 0.79, 0.68, 0.63, 7.63, 3.46, 1.79, 1.38, 1.27, 1.03),
(498, 33, 1, 'Tec-9', 'Brother', 'Purple', 2.04, 1.18, 0.77, 0.67, 0.63, 6.91, 3.15, 1.70, 1.34, 1.25, 0.98),
(499, 33, 1, 'MAG-7', 'Monster Call', 'Purple', 3.14, 1.24, 0.79, 0.68, 0.63, 10.12, 3.48, 1.76, 1.38, 1.40, 1.05),
(500, 33, 3, 'XM1014', 'Entombed', 'Pink', 14.21, 10.19, 7.80, 6.98, 6.41, 45.51, 24.80, 15.61, 13.18, 11.82, 11.35),
(501, 33, 15, 'Glock-18', 'Vogue', 'Pink', 16.03, 10.55, 7.39, 7.13, 6.29, 49.59, 27.73, 14.98, 15.15, 12.40, 10.19),
(502, 33, 107, 'M4A4', 'Tooth Fairy', 'Pink', 14.90, 10.53, 7.31, 7.32, 6.32, 47.63, 28.14, 15.35, 15.69, 12.90, 10.08),
(503, 33, 14, 'Desert Eagle', 'Printstream', 'Red', 219.06, 148.73, 108.01, 100.30, 79.36, 580.59, 325.36, 198.50, 186.22, 144.17, 136.18),
(504, 33, 12, 'AK-47', 'Legion of Anubis', 'Red', 51.04, 35.40, 27.02, 25.92, 17.06, 162.84, 101.13, 64.47, 64.03, 36.78, 36.01),
(505, 34, 14, 'G3SG1', 'Digital Mesh', 'Blue', 0.38, 0.19, 0.09, 0.11, 0.09, 1.43, 0.60, 0.26, 0.23, 0.20, 0.17),
(506, 34, 1, 'M249', 'Deep Relief', 'Blue', 0.41, 0.19, 0.09, 0.09, 0.08, 1.61, 0.59, 0.32, 0.20, 0.20, 0.15),
(507, 34, 1, 'CZ75-Auto', 'Vendetta', 'Blue', 0.41, 0.19, 0.11, 0.09, 0.09, 1.69, 0.59, 0.27, 0.21, 0.20, 0.15),
(508, 34, 1, 'MP5-SD', 'Condition Zero', 'Blue', 0.46, 0.19, 0.11, 0.09, 0.09, 1.96, 0.61, 0.28, 0.22, 0.21, 0.16),
(509, 34, 12, 'P250', 'Contaminant', 'Blue', 0.36, 0.20, 0.11, 0.11, 0.09, 1.45, 0.67, 0.26, 0.36, 0.22, 0.19),
(510, 34, 17, 'P90', 'Cocoa Rampage', 'Blue', 0.36, 0.20, 0.09, 0.11, 0.09, 1.37, 0.64, 0.27, 0.40, 0.21, 0.20),
(511, 34, 1, 'Galil AR', 'Vandal', 'Blue', 0.45, 0.19, 0.12, 0.11, 0.11, 1.92, 0.61, 0.30, 0.26, 0.26, 0.17),
(512, 34, 1, 'Nova', 'Clear Polymer', 'Purple', 2.71, 1.37, 0.67, 0.53, 0.49, 7.82, 3.73, 1.50, 1.10, 1.03, 0.96),
(513, 34, 1, 'Dual Berettas', 'Dezastre', 'Purple', 2.69, 1.36, 0.67, 0.54, 0.47, 8.12, 3.71, 1.51, 1.11, 1.02, 0.96),
(514, 34, 12, 'UMP-45', 'Gold Bismuth', 'Purple', 2.59, 1.37, 0.68, 0.66, 0.47, 7.90, 3.80, 1.49, 1.28, 1.06, 1.23),
(515, 34, 1, 'SSG 08', 'Parallax', 'Purple', 3.04, 1.42, 0.66, 0.53, 0.47, 12.16, 4.46, 1.68, 1.29, 1.10, 1.01),
(516, 34, 1, 'AWP', 'Exoskeleton', 'Purple', 7.49, 2.87, 1.49, 1.31, 1.27, 30.53, 10.80, 5.93, 5.27, 5.21, 2.49),
(517, 34, 108, 'Five-SeveN', 'Fairy Tale', 'Pink', 21.34, 10.67, 5.45, 4.29, 3.85, 68.20, 28.33, 10.19, 8.20, 7.04, 7.52),
(518, 34, 12, 'USP-S', 'Monster Mashup', 'Pink', 20.21, 13.05, 6.20, 6.98, 4.06, 65.73, 38.96, 14.96, 19.42, 8.17, 11.04),
(519, 34, 109, 'M4A4', 'Cyber Security', 'Pink', 39.06, 14.06, 6.44, 5.11, 4.23, 115.75, 41.41, 16.23, 11.86, 9.62, 10.25),
(520, 34, 1, 'Glock-18', 'Neo-Noir', 'Red', 87.18, 33.36, 15.48, 11.07, 8.57, 363.63, 116.00, 54.33, 33.56, 23.97, 24.64),
(521, 34, 14, 'M4A1-S', 'Printstream', 'Red', 269.83, 121.91, 66.52, 58.53, 41.20, 735.89, 267.05, 130.57, 118.14, 80.08, 104.58);

-- --------------------------------------------------------

--
-- Table structure for table `specialitems`
--

CREATE TABLE `specialitems` (
  `id` int(11) NOT NULL,
  `collection_id` int(2) DEFAULT NULL,
  `odds` int(3) DEFAULT NULL,
  `spType` varchar(6) DEFAULT NULL,
  `specialItem` varchar(14) DEFAULT NULL,
  `spName` varchar(14) DEFAULT NULL,
  `FactoryNew` float(254,2) DEFAULT NULL,
  `MinimalWear` float(254,2) DEFAULT NULL,
  `FieldTested` float(254,2) DEFAULT NULL,
  `WellWorm` float(254,2) DEFAULT NULL,
  `BattleScared` float(254,2) DEFAULT NULL,
  `FactoryNewSt` float(254,2) DEFAULT NULL,
  `MinimalWearSt` float(254,2) DEFAULT NULL,
  `FieldTestedSt` float(254,2) DEFAULT NULL,
  `WellWormSt` float(254,2) DEFAULT NULL,
  `BattleScaredSt` float(254,2) DEFAULT NULL,
  `povprecje` float(254,2) NOT NULL
) ENGINE=InnoDB DEFAULT CHARSET=utf8;

--
-- Dumping data for table `specialitems`
--

INSERT INTO `specialitems` (`id`, `collection_id`, `odds`, `spType`, `specialItem`, `spName`, `FactoryNew`, `MinimalWear`, `FieldTested`, `WellWorm`, `BattleScared`, `FactoryNewSt`, `MinimalWearSt`, `FieldTestedSt`, `WellWormSt`, `BattleScaredSt`, `povprecje`) VALUES
(1, 1, 1, 'Knife', 'Bayonet', 'Vanilla', 440.93, 440.93, 440.93, 440.93, 440.93, 451.09, 451.09, 451.09, 451.09, 451.09, 441.95),
(2, 2, 72, 'Knife', 'Bayonet', 'Lore', 962.10, 786.23, 483.77, 499.14, 344.53, 0.00, 895.49, 493.90, 398.16, 364.32, 602.92),
(3, 2, 87, 'Knife', 'Bayonet', 'Autotronic', 771.82, 535.17, 431.07, 377.73, 375.25, 0.00, 491.82, 488.32, 333.00, 415.05, 466.76),
(4, 2, 1, 'Knife', 'Bayonet', 'Black Laminate', 353.25, 307.53, 265.99, 267.76, 283.89, 729.64, 330.56, 315.14, 289.53, 258.70, 285.29),
(5, 2, 102, 'Knife', 'Bayonet', 'Freehand', 349.66, 304.60, 255.67, 265.39, 210.30, 422.72, 341.01, 277.31, 248.00, 195.00, 295.10),
(6, 2, 3, 'Knife', 'Bayonet', 'Bright Water', 317.82, 278.20, 226.61, 207.70, 212.25, 382.80, 308.49, 234.19, 178.71, 136.37, 262.26),
(7, 3, 9, 'Knife', 'Bayonet', 'Marble Fade', 739.87, 510.94, 0.00, 0.00, 0.00, 786.75, 451.00, 0.00, 0.00, 0.00, 735.84),
(8, 3, 9, 'Knife', 'Bayonet', 'Tiger Tooth', 482.11, 469.67, 0.00, 0.00, 0.00, 568.76, 474.07, 0.00, 0.00, 0.00, 490.02),
(9, 3, 77, 'Knife', 'Bayonet', 'Rust Coat', 0.00, 0.00, 0.00, 187.75, 204.17, 0.00, 0.00, 0.00, 179.00, 230.59, 205.42),
(10, 3, 2, 'Knife', 'Bayonet', 'Ultraviolet', 658.57, 241.74, 190.67, 182.64, 191.48, 750.00, 324.05, 189.61, 206.65, 208.26, 203.87),
(11, 3, 3, 'Knife', 'Bayonet', 'Damascus Steel', 323.95, 290.41, 256.43, 227.00, 231.01, 298.97, 340.62, 261.43, 203.92, 269.08, 279.90),
(12, 1, 9, 'Knife', 'Bayonet', 'Fade', 663.72, 578.77, 0.00, 0.00, 0.00, 750.43, 415.00, 0.00, 0.00, 0.00, 668.39),
(13, 1, 25, 'Knife', 'Bayonet', 'Slaughter', 538.08, 431.29, 339.32, 0.00, 0.00, 675.06, 482.99, 393.59, 0.00, 0.00, 390.88),
(14, 1, 1, 'Knife', 'Bayonet', 'Case Hardened', 507.58, 389.42, 297.00, 277.11, 276.91, 390.00, 496.29, 285.95, 347.45, 324.77, 321.81),
(15, 1, 2, 'Knife', 'Bayonet', 'Night', 0.00, 273.39, 188.72, 213.18, 222.74, 500.00, 336.73, 239.17, 148.98, 206.72, 213.17),
(16, 1, 2, 'Knife', 'Bayonet', 'Crimson Web', 0.00, 524.16, 283.49, 263.24, 265.91, 3000.00, 518.68, 286.67, 306.91, 252.01, 322.86),
(17, 1, 1, 'Knife', 'Bayonet', 'Blue Steel', 359.51, 260.08, 249.46, 227.94, 247.19, 350.00, 232.62, 241.90, 256.72, 267.68, 249.86),
(18, 1, 1, 'Knife', 'Bayonet', 'Stained', 302.09, 239.16, 215.64, 212.31, 205.02, 159.00, 233.09, 210.52, 247.13, 226.80, 221.82),
(19, 1, 2, 'Knife', 'Bayonet', 'UrbanMasked', 200.00, 142.00, 120.00, 125.00, 117.00, 799.00, 154.00, 130.00, 134.00, 130.00, 125.81),
(20, 1, 2, 'Knife', 'Bayonet', 'Safari Mesh', 240.67, 186.41, 158.81, 164.19, 168.61, 300.00, 165.80, 168.45, 157.99, 123.00, 165.58),
(21, 1, 2, 'Knife', 'Bayonet', 'Scorched', 231.00, 190.56, 167.99, 160.06, 170.25, 300.00, 212.41, 203.40, 130.43, 155.99, 174.15),
(22, 1, 2, 'Knife', 'Bayonet', 'Boreal Forest', 215.00, 180.44, 167.45, 175.14, 165.24, 330.00, 197.10, 145.92, 187.77, 171.35, 169.66),
(23, 1, 2, 'Knife', 'Bayonet', 'Forest DDPAT', 231.00, 217.45, 165.32, 174.00, 173.42, 300.00, 220.15, 170.49, 172.94, 122.70, 176.56),
(24, 3, 9, 'Knife', 'Bayonet', 'Doppler', 488.17, 467.05, 0.00, 0.00, 0.00, 597.89, 587.93, 0.00, 0.00, 0.00, 498.41),
(25, 2, 9, 'Knife', 'Bayonet', 'Gamma Doppler', 665.88, 551.33, 258.00, 0.00, 0.00, 656.12, 1115.07, 262.00, 0.00, 0.00, 662.82),
(26, 1, 1, 'Knife', 'Flip', 'Vanilla', 160.78, 160.78, 160.78, 160.78, 160.78, 183.43, 183.43, 183.43, 183.43, 183.43, 163.04),
(27, 2, 72, 'Knife', 'Flip', 'Lore', 447.91, 322.74, 261.85, 215.91, 189.39, 411.22, 315.78, 249.71, 215.00, 225.02, 294.36),
(28, 2, 87, 'Knife', 'Flip', 'Autotronic', 304.21, 256.13, 208.59, 189.43, 181.89, 382.00, 328.78, 240.78, 221.90, 181.83, 226.23),
(29, 2, 1, 'Knife', 'Flip', 'Black Laminate', 174.68, 150.52, 148.66, 143.43, 136.21, 205.00, 175.12, 149.37, 137.99, 142.11, 147.31),
(30, 2, 102, 'Knife', 'Flip', 'Freehand', 181.47, 174.61, 158.26, 154.47, 130.99, 219.65, 190.47, 174.09, 127.00, 173.61, 169.62),
(31, 2, 3, 'Knife', 'Flip', 'Bright Water', 171.13, 160.11, 146.13, 151.47, 134.38, 169.82, 181.19, 152.30, 139.66, 135.90, 156.15),
(32, 3, 9, 'Knife', 'Flip', 'Marble Fade', 373.56, 398.53, 0.00, 0.00, 0.00, 453.05, 393.09, 0.00, 0.00, 0.00, 382.11),
(33, 3, 9, 'Knife', 'Flip', 'Tiger Tooth', 279.63, 259.44, 0.00, 0.00, 0.00, 304.76, 275.00, 0.00, 0.00, 0.00, 281.37),
(34, 3, 77, 'Knife', 'Flip', 'Rust Coat', 0.00, 0.00, 0.00, 118.55, 119.44, 0.00, 0.00, 0.00, 146.45, 123.17, 119.92),
(35, 3, 2, 'Knife', 'Flip', 'Ultraviolet', 400.26, 197.60, 138.67, 140.84, 123.18, 400.00, 276.45, 175.88, 136.24, 143.62, 152.66),
(36, 3, 3, 'Knife', 'Flip', 'Damascus Steel', 176.56, 148.01, 140.35, 116.39, 132.70, 239.00, 155.38, 148.02, 146.01, 133.42, 151.86),
(37, 1, 9, 'Knife', 'Flip', 'Fade', 463.14, 418.63, 0.00, 0.00, 0.00, 382.35, 903.75, 0.00, 0.00, 0.00, 455.50),
(38, 1, 25, 'Knife', 'Flip', 'Slaughter', 291.73, 269.26, 258.06, 0.00, 0.00, 453.52, 267.59, 313.97, 0.00, 0.00, 266.39),
(39, 1, 1, 'Knife', 'Flip', 'Case Hardened', 364.94, 208.95, 174.03, 162.18, 163.94, 359.00, 399.03, 263.94, 202.27, 188.22, 192.54),
(40, 1, 2, 'Knife', 'Flip', 'Night', 418.41, 217.46, 138.81, 124.42, 117.50, 350.00, 234.18, 143.54, 126.00, 116.10, 150.93),
(41, 1, 2, 'Knife', 'Flip', 'Crimson Web', 1000.00, 428.30, 232.25, 212.70, 149.27, 1500.00, 428.00, 338.24, 218.06, 149.65, 265.42),
(42, 1, 1, 'Knife', 'Flip', 'Blue Steel', 198.51, 141.97, 134.04, 130.67, 143.33, 163.34, 176.68, 128.12, 155.84, 123.56, 139.37),
(43, 1, 1, 'Knife', 'Flip', 'Stained', 163.66, 137.86, 130.79, 125.33, 123.05, 196.00, 136.24, 110.36, 140.89, 134.57, 130.87),
(44, 1, 2, 'Knife', 'Flip', 'UrbanMasked', 149.00, 87.00, 85.00, 87.00, 85.00, 200.00, 115.00, 101.00, 94.00, 97.00, 87.60),
(45, 1, 2, 'Knife', 'Flip', 'Safari Mesh', 118.00, 118.11, 104.60, 124.86, 101.78, 150.00, 116.61, 112.29, 112.00, 98.14, 108.68),
(46, 1, 2, 'Knife', 'Flip', 'Scorched', 101.00, 114.55, 106.01, 110.63, 101.13, 175.00, 135.41, 100.92, 112.51, 120.22, 107.61),
(47, 1, 2, 'Knife', 'Flip', 'Boreal Forest', 114.83, 117.56, 112.79, 105.87, 102.15, 175.00, 175.49, 119.02, 123.36, 108.59, 113.30),
(48, 1, 2, 'Knife', 'Flip', 'Forest DDPAT', 139.14, 151.08, 111.50, 102.69, 104.97, 200.00, 158.19, 128.02, 127.84, 116.79, 118.64),
(49, 3, 9, 'Knife', 'Flip', 'Doppler', 301.23, 323.65, 0.00, 0.00, 0.00, 340.43, 347.97, 0.00, 0.00, 0.00, 305.91),
(50, 2, 9, 'Knife', 'Flip', 'Gamma Doppler', 519.60, 469.43, 185.00, 0.00, 0.00, 428.59, 571.62, 214.00, 0.00, 0.00, 509.38),
(51, 1, 1, 'Knife', 'Gut', 'Vanilla', 107.47, 107.47, 107.47, 107.47, 107.47, 126.83, 126.83, 126.83, 126.83, 126.83, 109.41),
(52, 2, 72, 'Knife', 'Gut', 'Lore', 262.81, 214.74, 158.37, 148.21, 123.90, 330.89, 240.38, 171.13, 216.84, 165.05, 186.41),
(53, 2, 87, 'Knife', 'Gut', 'Autotronic', 278.14, 187.46, 152.44, 148.18, 144.83, 431.29, 207.60, 182.07, 126.00, 149.16, 171.17),
(54, 2, 1, 'Knife', 'Gut', 'Black Laminate', 152.16, 112.02, 106.23, 104.04, 107.68, 211.00, 120.32, 129.04, 119.37, 113.74, 110.30),
(55, 2, 102, 'Knife', 'Gut', 'Freehand', 118.43, 113.07, 100.02, 95.60, 89.91, 155.63, 138.89, 116.05, 101.06, 77.64, 109.89),
(56, 2, 3, 'Knife', 'Gut', 'Bright Water', 119.99, 107.98, 99.64, 88.64, 84.73, 144.78, 120.42, 107.03, 117.69, 87.02, 107.04),
(57, 3, 9, 'Knife', 'Gut', 'Marble Fade', 161.27, 169.82, 0.00, 0.00, 0.00, 204.54, 167.00, 0.00, 0.00, 0.00, 165.74),
(58, 3, 9, 'Knife', 'Gut', 'Tiger Tooth', 144.82, 146.54, 0.00, 0.00, 0.00, 175.20, 118.59, 0.00, 0.00, 0.00, 147.71),
(59, 3, 77, 'Knife', 'Gut', 'Rust Coat', 0.00, 0.00, 0.00, 104.72, 89.72, 0.00, 0.00, 0.00, 127.00, 97.80, 91.68),
(60, 3, 2, 'Knife', 'Gut', 'Ultraviolet', 197.47, 115.79, 94.13, 94.58, 88.81, 516.00, 139.66, 98.64, 97.20, 87.44, 98.80),
(61, 3, 3, 'Knife', 'Gut', 'Damascus Steel', 118.09, 106.83, 97.69, 89.73, 102.04, 154.62, 135.12, 106.43, 122.00, 80.36, 106.66),
(62, 1, 9, 'Knife', 'Gut', 'Fade', 182.06, 246.93, 0.00, 0.00, 0.00, 204.49, 158.00, 0.00, 0.00, 0.00, 186.26),
(63, 1, 25, 'Knife', 'Gut', 'Slaughter', 147.47, 135.39, 114.64, 0.00, 0.00, 193.26, 161.83, 131.35, 0.00, 0.00, 127.24),
(64, 1, 1, 'Knife', 'Gut', 'Case Hardened', 139.53, 131.06, 120.98, 116.67, 112.70, 210.00, 156.10, 123.14, 133.38, 136.50, 123.26),
(65, 1, 2, 'Knife', 'Gut', 'Night', 217.78, 103.94, 89.37, 87.68, 88.02, 250.00, 130.04, 96.35, 82.00, 80.10, 93.14),
(66, 1, 2, 'Knife', 'Gut', 'Crimson Web', 423.00, 179.63, 113.33, 104.49, 100.64, 500.00, 173.39, 109.92, 141.47, 102.39, 124.58),
(67, 1, 1, 'Knife', 'Gut', 'Blue Steel', 130.97, 98.25, 98.27, 95.38, 97.52, 124.00, 107.58, 81.35, 105.54, 107.74, 98.48),
(68, 1, 1, 'Knife', 'Gut', 'Stained', 178.85, 96.28, 93.60, 95.86, 90.74, 180.00, 105.60, 96.30, 77.06, 74.79, 96.50),
(69, 1, 2, 'Knife', 'Gut', 'UrbanMasked', 85.00, 72.00, 67.00, 66.00, 68.00, 91.00, 83.00, 73.00, 74.00, 73.00, 68.75),
(70, 1, 2, 'Knife', 'Gut', 'Safari Mesh', 102.00, 88.16, 82.96, 86.84, 82.72, 150.00, 96.99, 78.13, 93.57, 78.70, 84.19),
(71, 1, 2, 'Knife', 'Gut', 'Scorched', 105.00, 92.83, 83.55, 83.95, 86.30, 150.00, 88.12, 92.27, 94.42, 72.00, 86.10),
(72, 1, 2, 'Knife', 'Gut', 'Boreal Forest', 117.00, 91.27, 83.55, 100.12, 85.18, 150.00, 104.33, 92.01, 76.44, 58.01, 86.91),
(73, 1, 2, 'Knife', 'Gut', 'Forest DDPAT', 117.96, 96.15, 84.77, 90.10, 82.23, 150.00, 95.00, 90.64, 92.76, 89.17, 87.56),
(74, 3, 9, 'Knife', 'Gut', 'Doppler', 146.48, 151.71, 0.00, 0.00, 0.00, 171.65, 158.00, 0.00, 0.00, 0.00, 149.12),
(75, 2, 9, 'Knife', 'Gut', 'Gamma Doppler', 181.19, 189.57, 100.00, 0.00, 0.00, 212.40, 121.00, 102.00, 0.00, 0.00, 184.25),
(76, 1, 1, 'Knife', 'Karambit', 'Vanilla', 587.46, 587.46, 587.46, 587.46, 587.46, 654.72, 654.72, 654.72, 654.72, 654.72, 594.19),
(77, 2, 72, 'Knife', 'Karambit', 'Lore', 0.00, 1101.39, 629.29, 606.93, 466.94, 1749.52, 1350.97, 659.69, 482.00, 431.74, 670.52),
(78, 2, 87, 'Knife', 'Karambit', 'Autotronic', 0.00, 1146.64, 753.13, 664.51, 515.11, 0.00, 1158.28, 777.18, 673.60, 630.39, 765.01),
(79, 2, 1, 'Knife', 'Karambit', 'Black Laminate', 902.98, 545.27, 495.16, 500.99, 469.08, 1041.00, 554.31, 462.42, 502.81, 568.86, 517.84),
(80, 2, 102, 'Knife', 'Karambit', 'Freehand', 514.59, 439.64, 409.47, 383.07, 368.93, 582.03, 498.89, 412.27, 429.57, 293.24, 445.47),
(81, 2, 3, 'Knife', 'Karambit', 'Bright Water', 479.03, 403.21, 356.32, 322.87, 288.96, 600.06, 396.16, 356.38, 336.42, 284.91, 396.72),
(82, 3, 9, 'Knife', 'Karambit', 'Marble Fade', 1150.63, 1453.42, 0.00, 0.00, 0.00, 1220.92, 1214.21, 0.00, 0.00, 0.00, 1167.55),
(83, 3, 9, 'Knife', 'Karambit', 'Tiger Tooth', 800.28, 772.46, 0.00, 0.00, 0.00, 925.70, 672.13, 0.00, 0.00, 0.00, 810.99),
(84, 3, 77, 'Knife', 'Karambit', 'Rust Coat', 0.00, 0.00, 0.00, 347.75, 334.16, 0.00, 0.00, 0.00, 355.87, 367.63, 338.28),
(85, 3, 2, 'Knife', 'Karambit', 'Ultraviolet', 0.00, 492.74, 384.22, 389.68, 337.22, 2000.00, 515.79, 455.03, 375.19, 313.95, 400.76),
(86, 3, 3, 'Knife', 'Karambit', 'Damascus Steel', 610.22, 511.98, 439.49, 484.69, 339.87, 712.65, 554.94, 465.69, 436.83, 304.00, 501.56),
(87, 1, 9, 'Knife', 'Karambit', 'Fade', 1387.36, 975.37, 0.00, 0.00, 0.00, 0.00, 919.00, 0.00, 0.00, 0.00, 1238.47),
(88, 1, 25, 'Knife', 'Karambit', 'Slaughter', 771.63, 615.10, 539.69, 0.00, 0.00, 935.99, 743.34, 0.00, 0.00, 0.00, 557.25),
(89, 1, 1, 'Knife', 'Karambit', 'Case Hardened', 0.00, 660.09, 602.32, 477.63, 437.06, 959.00, 0.00, 488.02, 0.00, 365.08, 512.40),
(90, 1, 2, 'Knife', 'Karambit', 'Night', 0.00, 439.84, 343.95, 321.65, 317.39, 2332.00, 377.61, 350.38, 312.85, 312.02, 354.11),
(91, 1, 2, 'Knife', 'Karambit', 'Crimson Web', 2859.34, 1124.70, 596.82, 489.17, 426.97, 9285.00, 0.00, 584.05, 562.69, 488.23, 656.50),
(92, 1, 1, 'Knife', 'Karambit', 'Blue Steel', 514.85, 495.57, 452.95, 425.67, 398.89, 516.00, 436.13, 494.74, 415.62, 362.97, 448.98),
(93, 1, 1, 'Knife', 'Karambit', 'Stained', 526.50, 401.11, 375.31, 383.16, 351.16, 506.00, 437.15, 466.84, 343.08, 383.85, 387.44),
(94, 1, 2, 'Knife', 'Karambit', 'UrbanMasked', 320.00, 260.00, 212.00, 206.00, 198.00, 400.00, 298.00, 222.00, 194.00, 210.00, 220.19),
(95, 1, 2, 'Knife', 'Karambit', 'Safari Mesh', 251.98, 284.02, 262.44, 262.13, 238.14, 380.00, 318.96, 259.27, 189.00, 269.86, 263.22),
(96, 1, 2, 'Knife', 'Karambit', 'Scorched', 288.00, 303.00, 263.95, 198.33, 244.51, 400.00, 384.57, 275.51, 275.17, 281.39, 266.34),
(97, 1, 2, 'Knife', 'Karambit', 'Boreal Forest', 593.00, 332.61, 287.01, 261.68, 269.88, 463.00, 408.77, 310.71, 266.77, 197.65, 294.25),
(98, 1, 2, 'Knife', 'Karambit', 'Forest DDPAT', 391.65, 306.37, 287.04, 239.56, 259.67, 400.00, 345.80, 337.96, 287.55, 261.01, 287.58),
(99, 3, 9, 'Knife', 'Karambit', 'Doppler', 734.07, 678.32, 0.00, 0.00, 0.00, 788.10, 729.90, 0.00, 0.00, 0.00, 737.43),
(100, 2, 9, 'Knife', 'Karambit', 'Gamma Doppler', 947.35, 856.98, 373.00, 0.00, 0.00, 1277.10, 0.00, 0.00, 0.00, 0.00, 972.72),
(101, 1, 1, 'Knife', 'M9 Bayonet', 'Vanilla', 469.41, 469.41, 469.41, 469.41, 469.41, 485.22, 485.22, 485.22, 485.22, 485.22, 470.99),
(102, 2, 72, 'Knife', 'M9 Bayonet', 'Lore', 1794.24, 1614.52, 668.81, 474.71, 367.38, 1807.85, 0.00, 725.88, 460.54, 385.41, 990.35),
(103, 2, 87, 'Knife', 'M9 Bayonet', 'Autotronic', 889.63, 693.64, 538.94, 474.25, 422.42, 0.00, 609.52, 568.00, 554.65, 526.71, 576.85),
(104, 2, 1, 'Knife', 'M9 Bayonet', 'Black Laminate', 548.24, 415.18, 379.00, 386.00, 375.18, 1195.19, 407.03, 424.68, 351.15, 423.88, 397.02),
(105, 2, 102, 'Knife', 'M9 Bayonet', 'Freehand', 346.11, 331.23, 287.22, 256.23, 237.64, 396.70, 380.63, 317.88, 223.49, 267.29, 314.75),
(106, 2, 3, 'Knife', 'M9 Bayonet', 'Bright Water', 371.15, 319.18, 277.82, 266.96, 226.69, 461.73, 441.04, 266.04, 202.53, 169.00, 312.64),
(107, 3, 9, 'Knife', 'M9 Bayonet', 'Marble Fade', 928.12, 758.38, 0.00, 0.00, 0.00, 1062.62, 503.00, 0.00, 0.00, 0.00, 933.97),
(108, 3, 9, 'Knife', 'M9 Bayonet', 'Tiger Tooth', 588.52, 525.90, 0.00, 0.00, 0.00, 629.54, 318.00, 0.00, 0.00, 0.00, 589.44),
(109, 3, 77, 'Knife', 'M9 Bayonet', 'Rust Coat', 0.00, 0.00, 0.00, 253.95, 246.30, 0.00, 0.00, 0.00, 252.00, 252.61, 247.41),
(110, 3, 2, 'Knife', 'M9 Bayonet', 'Ultraviolet', 0.00, 388.71, 247.31, 232.29, 241.79, 1000.00, 419.27, 254.65, 300.60, 265.89, 271.66),
(111, 3, 3, 'Knife', 'M9 Bayonet', 'Damascus Steel', 348.53, 317.34, 301.95, 272.12, 272.08, 414.68, 301.43, 305.34, 298.05, 200.00, 316.06),
(112, 1, 9, 'Knife', 'M9 Bayonet', 'Fade', 888.46, 837.51, 0.00, 0.00, 0.00, 852.23, 758.22, 0.00, 0.00, 0.00, 882.83),
(113, 1, 25, 'Knife', 'M9 Bayonet', 'Slaughter', 654.92, 582.50, 474.78, 0.00, 0.00, 834.56, 595.59, 329.00, 0.00, 0.00, 522.38),
(114, 1, 1, 'Knife', 'M9 Bayonet', 'Case Hardened', 447.98, 392.22, 355.25, 349.93, 311.96, 412.00, 380.50, 285.58, 302.95, 360.14, 355.66),
(115, 1, 2, 'Knife', 'M9 Bayonet', 'Night', 678.73, 365.24, 247.01, 229.61, 219.07, 1000.00, 366.82, 253.15, 268.59, 245.08, 266.67),
(116, 1, 2, 'Knife', 'M9 Bayonet', 'Crimson Web', 5000.00, 1176.40, 418.95, 371.65, 331.17, 20228.41, 0.00, 469.35, 236.93, 268.06, 553.97),
(117, 1, 1, 'Knife', 'M9 Bayonet', 'Blue Steel', 447.80, 327.70, 305.14, 291.00, 299.89, 412.00, 403.31, 339.87, 304.58, 377.61, 315.02),
(118, 1, 1, 'Knife', 'M9 Bayonet', 'Stained', 257.99, 262.24, 245.91, 248.07, 246.11, 293.00, 279.64, 254.40, 256.00, 243.37, 251.69),
(119, 1, 2, 'Knife', 'M9 Bayonet', 'UrbanMasked', 275.00, 193.00, 173.00, 162.00, 171.00, 350.00, 209.00, 171.00, 149.00, 164.00, 176.00),
(120, 1, 2, 'Knife', 'M9 Bayonet', 'Safari Mesh', 377.61, 210.30, 196.83, 168.92, 207.00, 350.00, 204.96, 203.12, 200.92, 157.56, 199.23),
(121, 1, 2, 'Knife', 'M9 Bayonet', 'Scorched', 224.00, 221.52, 200.61, 207.04, 200.54, 300.00, 248.76, 194.22, 157.00, 174.88, 204.40),
(122, 1, 2, 'Knife', 'M9 Bayonet', 'Boreal Forest', 300.00, 247.77, 219.86, 191.13, 195.32, 400.00, 316.08, 235.78, 169.69, 186.86, 221.51),
(123, 1, 2, 'Knife', 'M9 Bayonet', 'Forest DDPAT', 307.00, 253.98, 210.41, 211.75, 238.75, 400.00, 277.81, 255.99, 222.81, 170.62, 225.13),
(124, 3, 9, 'Knife', 'M9 Bayonet', 'Doppler', 572.64, 554.62, 0.00, 0.00, 0.00, 762.31, 794.81, 0.00, 0.00, 0.00, 591.13),
(125, 2, 9, 'Knife', 'M9 Bayonet', 'Gamma Doppler', 764.29, 872.11, 355.00, 0.00, 0.00, 1056.26, 0.00, 329.00, 0.00, 0.00, 793.17),
(126, 4, 1, 'Knife', 'Bowie', 'Vanilla', 142.76, 142.76, 142.76, 142.76, 142.76, 178.44, 178.44, 178.44, 178.44, 178.44, 146.33),
(127, 6, 9, 'Knife', 'Bowie', 'Marble Fade', 300.60, 323.96, 0.00, 0.00, 0.00, 388.28, 563.53, 0.00, 0.00, 0.00, 310.77),
(128, 6, 9, 'Knife', 'Bowie', 'TigerTooth', 224.00, 219.00, 0.00, 0.00, 0.00, 293.00, 262.00, 0.00, 0.00, 0.00, 230.62),
(129, 6, 77, 'Knife', 'Bowie', 'Rust Coat', 0.00, 0.00, 0.00, 112.31, 104.22, 0.00, 0.00, 0.00, 153.59, 122.77, 106.80),
(130, 6, 2, 'Knife', 'Bowie', 'Ultraviolet', 352.00, 170.29, 126.10, 129.62, 108.05, 590.00, 195.62, 148.99, 2973.58, 118.18, 158.72),
(131, 6, 3, 'Knife', 'Bowie', 'Damascus Steel', 172.21, 157.81, 139.56, 141.31, 143.81, 234.29, 231.65, 171.24, 152.00, 114.16, 156.73),
(132, 4, 9, 'Knife', 'Bowie', 'Fade', 383.37, 404.19, 0.00, 0.00, 0.00, 569.26, 564.34, 0.00, 0.00, 0.00, 402.62),
(133, 4, 25, 'Knife', 'Bowie', 'Slaughter', 287.77, 263.39, 252.89, 0.00, 0.00, 469.08, 350.85, 298.58, 0.00, 0.00, 264.84),
(134, 4, 1, 'Knife', 'Bowie', 'Case Hardened', 399.30, 229.26, 208.61, 191.81, 175.76, 371.00, 0.00, 271.51, 208.00, 203.19, 207.31),
(135, 4, 2, 'Knife', 'Bowie', 'Night', 393.00, 173.75, 130.54, 127.14, 103.70, 688.75, 228.00, 141.35, 169.68, 120.45, 138.20),
(136, 4, 2, 'Knife', 'Bowie', 'Crimson Web', 1343.00, 392.94, 239.07, 217.61, 155.50, 3000.00, 0.00, 253.30, 167.00, 198.85, 254.71),
(137, 4, 1, 'Knife', 'Bowie', 'Blue Steel', 251.05, 152.93, 145.10, 138.35, 123.88, 440.00, 197.93, 168.48, 187.60, 166.16, 149.42),
(138, 4, 1, 'Knife', 'Bowie', 'Stained', 186.34, 133.62, 124.97, 119.40, 125.16, 337.00, 156.58, 119.81, 130.81, 152.44, 129.12),
(139, 4, 2, 'Knife', 'Bowie', 'Urban Masked', 150.00, 122.35, 107.54, 97.01, 107.21, 250.00, 167.82, 116.87, 127.97, 93.84, 111.02),
(140, 4, 2, 'Knife', 'Bowie', 'Safari Mesh', 120.00, 109.60, 101.97, 93.87, 99.43, 150.00, 99.73, 103.46, 97.00, 91.00, 102.26),
(141, 4, 2, 'Knife', 'Bowie', 'Scorched', 150.00, 121.67, 99.88, 101.22, 99.28, 230.00, 153.73, 109.42, 91.00, 95.06, 105.15),
(142, 4, 2, 'Knife', 'Bowie', 'Boreal Forest', 141.00, 128.23, 109.35, 106.49, 101.06, 200.00, 122.36, 129.13, 110.00, 117.63, 112.90),
(143, 4, 2, 'Knife', 'Bowie', 'Forest DDPAT', 141.00, 122.51, 106.16, 104.48, 104.66, 200.00, 176.23, 140.74, 108.71, 85.00, 111.76),
(144, 6, 9, 'Knife', 'Bowie', 'Doppler', 319.81, 341.00, 0.00, 0.00, 0.00, 374.01, 600.76, 0.00, 0.00, 0.00, 326.75),
(145, 11, 1, 'Knife', 'Butterfly', 'Vanilla', 970.59, 970.59, 970.59, 970.59, 970.59, 1038.39, 1038.39, 1038.39, 1038.39, 1038.39, 977.37),
(146, 6, 9, 'Knife', 'Butterfly', 'Marble Fade', 1560.05, 0.00, 0.00, 0.00, 0.00, 1737.12, 0.00, 0.00, 0.00, 0.00, 1520.33),
(147, 6, 9, 'Knife', 'Butterfly', 'Tiger Tooth', 1115.20, 938.88, 0.00, 0.00, 0.00, 1177.09, 500.00, 0.00, 0.00, 0.00, 1113.15),
(148, 6, 77, 'Knife', 'Butterfly', 'Rust Coat', 0.00, 0.00, 0.00, 449.93, 460.11, 0.00, 0.00, 0.00, 495.49, 460.47, 459.75),
(149, 6, 2, 'Knife', 'Butterfly', 'Ultraviolet', 700.00, 846.03, 516.97, 454.14, 400.19, 1500.00, 460.00, 599.24, 397.08, 321.44, 552.60),
(150, 6, 3, 'Knife', 'Butterfly', 'Damascus Steel', 708.95, 665.79, 574.02, 592.41, 512.97, 740.56, 712.96, 573.25, 527.97, 472.01, 629.38),
(151, 11, 9, 'Knife', 'Butterfly', 'Fade', 1721.61, 1502.40, 0.00, 0.00, 0.00, 1812.54, 770.00, 0.00, 0.00, 0.00, 1719.73),
(152, 11, 25, 'Knife', 'Butterfly', 'Slaughter', 1184.06, 1029.72, 814.56, 0.00, 0.00, 1202.31, 1126.04, 688.64, 0.00, 0.00, 921.37),
(153, 11, 1, 'Knife', 'Butterfly', 'Case Hardened', 1011.38, 733.82, 585.29, 566.55, 488.55, 431.00, 748.93, 583.03, 633.07, 435.28, 613.03),
(154, 11, 2, 'Knife', 'Butterfly', 'Night', 473.00, 804.21, 469.51, 446.18, 384.49, 1193.00, 639.54, 445.36, 466.36, 408.83, 512.38),
(155, 11, 2, 'Knife', 'Butterfly', 'Crimson Web', 0.00, 1606.78, 738.06, 686.93, 528.71, 3000.00, 1373.44, 678.46, 595.67, 440.03, 848.38),
(156, 11, 1, 'Knife', 'Butterfly', 'Blue Steel', 846.72, 668.52, 625.18, 586.28, 621.25, 811.57, 666.91, 641.70, 483.00, 483.90, 627.99),
(157, 11, 1, 'Knife', 'Butterfly', 'Stained', 620.50, 464.15, 423.74, 418.35, 408.91, 400.00, 485.14, 442.11, 459.13, 352.48, 436.20),
(158, 11, 2, 'Knife', 'Butterfly', 'Urban Masked', 610.83, 463.37, 357.41, 348.42, 363.59, 342.00, 463.63, 345.39, 380.13, 333.62, 376.95),
(159, 11, 2, 'Knife', 'Butterfly', 'Safari Mesh', 403.90, 370.04, 334.93, 323.00, 367.38, 323.00, 376.21, 316.15, 383.20, 315.97, 343.83),
(160, 11, 2, 'Knife', 'Butterfly', 'Scorched', 494.36, 404.99, 338.33, 331.98, 339.37, 450.00, 421.10, 341.55, 302.40, 303.28, 350.51),
(161, 11, 2, 'Knife', 'Butterfly', 'Boreal Forest', 213.00, 499.65, 372.21, 364.71, 341.83, 400.00, 532.31, 399.84, 323.64, 327.87, 391.12),
(162, 11, 2, 'Knife', 'Butterfly', 'Forest DDPAT', 756.07, 436.70, 348.92, 267.64, 345.64, 465.00, 441.60, 370.62, 337.99, 346.80, 361.64),
(163, 6, 9, 'Knife', 'Butterfly', 'Doppler', 1179.87, 0.00, 0.00, 0.00, 0.00, 1480.05, 0.00, 0.00, 0.00, 0.00, 1165.85),
(164, 10, 1, 'Knife', 'Falchion', 'Vanilla', 134.20, 134.20, 134.20, 134.20, 134.20, 158.96, 158.96, 158.96, 158.96, 158.96, 136.68),
(165, 6, 9, 'Knife', 'Falchion', 'Marble Fade', 247.10, 243.50, 0.00, 0.00, 0.00, 298.16, 346.32, 0.00, 0.00, 0.00, 252.26),
(166, 6, 9, 'Knife', 'Falchion', 'Tiger Tooth', 204.67, 200.73, 0.00, 0.00, 0.00, 239.08, 223.86, 0.00, 0.00, 0.00, 207.93),
(167, 6, 77, 'Knife', 'Falchion', 'Rust Coat', 0.00, 0.00, 0.00, 112.72, 93.64, 0.00, 0.00, 0.00, 125.27, 109.11, 96.50),
(168, 6, 2, 'Knife', 'Falchion', 'Ultraviolet', 242.77, 144.12, 115.16, 111.91, 94.70, 1000.00, 200.87, 138.14, 115.70, 127.59, 121.31),
(169, 6, 3, 'Knife', 'Falchion', 'Damascus Steel', 160.23, 140.32, 124.89, 123.07, 118.52, 250.91, 173.99, 140.18, 135.25, 101.25, 140.58),
(170, 10, 9, 'Knife', 'Falchion', 'Fade', 242.22, 211.81, 0.00, 0.00, 0.00, 266.38, 214.00, 0.00, 0.00, 0.00, 243.45),
(171, 10, 25, 'Knife', 'Falchion', 'Slaughter', 219.02, 198.54, 183.62, 0.00, 0.00, 274.83, 239.03, 193.51, 0.00, 0.00, 193.65),
(172, 10, 1, 'Knife', 'Falchion', 'Case Hardened', 174.12, 169.74, 151.65, 152.37, 132.13, 316.31, 198.34, 168.16, 153.40, 167.44, 155.96),
(173, 10, 2, 'Knife', 'Falchion', 'Night', 316.00, 146.12, 107.70, 106.50, 97.76, 400.00, 145.60, 132.83, 111.29, 110.93, 116.08),
(174, 10, 2, 'Knife', 'Falchion', 'Crimson Web', 572.00, 216.33, 169.03, 165.90, 115.39, 750.00, 262.81, 187.82, 142.00, 135.12, 174.33),
(175, 10, 1, 'Knife', 'Falchion', 'Blue Steel', 134.86, 128.16, 121.00, 116.41, 117.19, 201.23, 148.84, 130.84, 137.46, 138.10, 123.28),
(176, 10, 1, 'Knife', 'Falchion', 'Stained', 130.58, 102.24, 98.47, 98.10, 93.93, 133.89, 116.32, 117.45, 113.55, 106.76, 101.07),
(177, 10, 2, 'Knife', 'Falchion', 'Urban Masked', 123.90, 101.39, 93.10, 92.76, 86.78, 456.00, 94.72, 99.35, 74.36, 90.93, 94.22),
(178, 10, 2, 'Knife', 'Falchion', 'Safari Mesh', 101.00, 90.20, 87.31, 80.10, 87.20, 150.00, 112.73, 90.63, 87.46, 93.62, 88.07),
(179, 10, 2, 'Knife', 'Falchion', 'Scorched', 111.23, 108.03, 92.65, 94.32, 87.79, 150.00, 113.05, 95.73, 90.53, 86.69, 95.23),
(180, 10, 2, 'Knife', 'Falchion', 'Boreal Forest', 133.00, 112.86, 95.61, 95.27, 85.21, 150.00, 121.23, 111.02, 106.51, 85.81, 98.63),
(181, 10, 2, 'Knife', 'Falchion', 'Forest DDPAT', 157.38, 104.82, 90.83, 93.21, 87.95, 289.00, 106.86, 96.98, 91.00, 99.16, 94.14),
(182, 6, 9, 'Knife', 'Falchion', 'Doppler', 286.20, 255.62, 0.00, 0.00, 0.00, 477.30, 0.00, 0.00, 0.00, 0.00, 302.57),
(183, 8, 1, 'Knife', 'Huntsman', 'Vanilla', 190.67, 190.67, 190.67, 190.67, 190.67, 228.58, 228.58, 228.58, 228.58, 228.58, 194.46),
(184, 6, 9, 'Knife', 'Huntsman', 'Marble Fade', 311.68, 348.95, 0.00, 0.00, 0.00, 402.36, 377.66, 0.00, 0.00, 0.00, 321.88),
(185, 6, 9, 'Knife', 'Huntsman', 'Tiger Tooth', 244.41, 249.46, 0.00, 0.00, 0.00, 310.39, 277.33, 0.00, 0.00, 0.00, 251.05),
(186, 6, 77, 'Knife', 'Huntsman', 'Rust Coat', 0.00, 0.00, 0.00, 118.64, 104.11, 0.00, 0.00, 0.00, 112.16, 120.30, 106.59),
(187, 6, 2, 'Knife', 'Huntsman', 'Ultraviolet', 308.00, 175.19, 116.24, 118.71, 110.87, 750.00, 250.63, 132.54, 122.66, 120.44, 130.12),
(188, 6, 3, 'Knife', 'Huntsman', 'Damascus Steel', 164.25, 146.55, 133.88, 129.09, 2943.04, 242.34, 189.82, 156.54, 150.27, 112.00, 221.62),
(189, 8, 9, 'Knife', 'Huntsman', 'Fade', 329.46, 313.50, 0.00, 0.00, 0.00, 459.78, 322.70, 0.00, 0.00, 0.00, 341.47),
(190, 8, 25, 'Knife', 'Huntsman', 'Slaughter', 319.58, 264.16, 230.60, 0.00, 0.00, 349.36, 345.05, 294.60, 0.00, 0.00, 254.73),
(191, 8, 1, 'Knife', 'Huntsman', 'Case Hardened', 234.48, 219.04, 184.38, 164.24, 164.49, 317.38, 286.30, 230.79, 160.72, 184.04, 189.81),
(192, 8, 2, 'Knife', 'Huntsman', 'Night', 666.00, 167.82, 130.93, 138.24, 112.36, 1428.00, 200.53, 151.81, 206.70, 134.86, 141.83),
(193, 8, 2, 'Knife', 'Huntsman', 'Crimson Web', 0.00, 295.29, 181.17, 171.37, 156.36, 2500.00, 415.92, 230.43, 219.25, 150.00, 203.18),
(194, 8, 1, 'Knife', 'Huntsman', 'Blue Steel', 193.53, 161.82, 145.98, 135.21, 144.90, 332.00, 195.29, 173.88, 136.26, 137.21, 150.49),
(195, 8, 1, 'Knife', 'Huntsman', 'Stained', 137.58, 131.37, 119.45, 114.90, 107.28, 180.00, 149.17, 153.05, 131.17, 148.11, 122.52),
(196, 8, 2, 'Knife', 'Huntsman', 'Urban Masked', 129.00, 125.68, 106.77, 108.22, 101.79, 175.00, 158.61, 117.27, 111.18, 117.95, 111.21),
(197, 8, 2, 'Knife', 'Huntsman', 'SafariMesh', 130.00, 96.00, 91.00, 89.00, 87.00, 170.00, 116.00, 110.00, 101.00, 98.00, 93.17),
(198, 8, 2, 'Knife', 'Huntsman', 'Scorched', 215.98, 120.62, 98.85, 92.28, 97.76, 197.00, 123.87, 113.75, 120.42, 92.26, 103.83),
(199, 8, 2, 'Knife', 'Huntsman', 'Boreal Forest', 233.43, 121.47, 101.91, 91.36, 103.37, 260.00, 155.47, 116.01, 107.00, 95.08, 106.98),
(200, 8, 2, 'Knife', 'Huntsman', 'Forest DDPAT', 171.07, 119.08, 103.00, 100.05, 102.28, 200.00, 114.57, 120.89, 116.14, 162.82, 107.90),
(201, 6, 9, 'Knife', 'Huntsman', 'Doppler', 303.53, 386.02, 0.00, 0.00, 0.00, 413.36, 278.17, 0.00, 0.00, 0.00, 316.72),
(202, 16, 1, 'Knife', 'Shadow Daggers', 'Vanilla', 138.91, 138.91, 138.91, 138.91, 138.91, 186.19, 186.19, 186.19, 186.19, 186.19, 143.64),
(203, 6, 9, 'Knife', 'Shadow Daggers', 'Marble Fade', 164.39, 179.80, 0.00, 0.00, 0.00, 208.58, 224.20, 0.00, 0.00, 0.00, 169.37),
(204, 6, 9, 'Knife', 'Shadow Daggers', 'Tiger Tooth', 144.07, 161.69, 0.00, 0.00, 0.00, 186.39, 221.42, 0.00, 0.00, 0.00, 149.01),
(205, 6, 77, 'Knife', 'Shadow Daggers', 'Rust Coat', 0.00, 0.00, 0.00, 85.28, 78.38, 0.00, 0.00, 0.00, 92.51, 92.07, 80.19),
(206, 6, 2, 'Knife', 'Shadow Daggers', 'Ultraviolet', 166.85, 121.82, 99.03, 104.37, 83.73, 270.00, 171.65, 114.13, 101.87, 90.56, 103.76),
(207, 6, 3, 'Knife', 'Shadow Daggers', 'Damascus Steel', 119.88, 104.65, 94.77, 95.95, 101.26, 144.73, 164.61, 118.69, 133.45, 145.19, 106.87),
(208, 16, 9, 'Knife', 'Shadow Daggers', 'Fade', 211.20, 198.51, 0.00, 0.00, 0.00, 335.91, 240.00, 0.00, 0.00, 0.00, 222.91),
(209, 16, 25, 'Knife', 'Shadow Daggers', 'Slaughter', 158.79, 142.53, 129.95, 0.00, 0.00, 173.02, 165.70, 141.08, 0.00, 0.00, 138.00),
(210, 16, 1, 'Knife', 'Shadow Daggers', 'Case Hardened', 192.29, 134.66, 121.73, 116.98, 112.45, 440.33, 122.31, 122.97, 170.31, 123.23, 126.27),
(211, 16, 2, 'Knife', 'Shadow Daggers', 'Night', 110.00, 107.58, 90.23, 85.70, 83.87, 150.00, 141.50, 131.82, 108.60, 95.20, 95.65),
(212, 16, 2, 'Knife', 'Shadow Daggers', 'Crimson Web', 574.85, 168.22, 133.39, 133.43, 106.93, 1500.00, 178.78, 155.32, 278.28, 117.38, 141.92),
(213, 16, 1, 'Knife', 'Shadow Daggers', 'Blue Steel', 127.55, 99.50, 94.44, 91.67, 89.39, 278.00, 124.13, 103.67, 98.73, 90.26, 96.71),
(214, 16, 1, 'Knife', 'Shadow Daggers', 'Stained', 123.20, 99.23, 86.77, 88.50, 91.80, 261.00, 102.05, 91.89, 104.42, 110.20, 93.40),
(215, 16, 2, 'Knife', 'Shadow Daggers', 'Urban Masked', 157.54, 96.94, 87.32, 87.52, 75.71, 200.00, 116.00, 96.14, 75.03, 97.11, 88.95),
(216, 16, 2, 'Knife', 'Shadow Daggers', 'Safari Mesh', 129.00, 92.65, 78.41, 80.79, 78.89, 200.00, 93.64, 90.16, 81.47, 90.43, 82.44),
(217, 16, 2, 'Knife', 'Shadow Daggers', 'Scorched', 97.59, 84.02, 79.92, 82.02, 80.19, 150.00, 84.67, 87.15, 72.40, 72.47, 81.25),
(218, 16, 2, 'Knife', 'Shadow Daggers', 'Boreal Forest', 130.70, 84.96, 81.51, 86.51, 77.50, 150.00, 116.61, 95.62, 102.38, 91.14, 84.01),
(219, 16, 2, 'Knife', 'Shadow Daggers', 'Forest DDPAT', 104.66, 96.76, 81.36, 87.54, 79.23, 150.00, 94.27, 99.27, 85.08, 93.92, 85.70),
(220, 6, 9, 'Knife', 'Shadow Daggers', 'Doppler', 191.07, 208.80, 0.00, 0.00, 0.00, 251.68, 291.68, 0.00, 0.00, 0.00, 197.86),
(221, 14, 1, 'Knife', 'Navaja', 'Vanilla', 76.73, 76.73, 76.73, 76.73, 76.73, 89.41, 89.41, 89.41, 89.41, 89.41, 78.00),
(222, 5, 9, 'Knife', 'Navaja', 'Marble Fade', 147.45, 167.43, 0.00, 0.00, 0.00, 169.60, 201.25, 0.00, 0.00, 0.00, 150.43),
(223, 5, 9, 'Knife', 'Navaja', 'TigerTooth', 158.00, 162.00, 0.00, 0.00, 0.00, 122.00, 127.00, 0.00, 0.00, 0.00, 154.55),
(224, 5, 77, 'Knife', 'Navaja', 'Rust Coat', 0.00, 0.00, 0.00, 72.95, 73.55, 0.00, 0.00, 0.00, 70.39, 81.14, 74.20),
(225, 5, 2, 'Knife', 'Navaja', 'Ultraviolet', 217.26, 97.44, 80.45, 85.83, 75.99, 300.00, 121.09, 97.36, 106.70, 86.11, 85.91),
(226, 5, 3, 'Knife', 'Navaja', 'Damascus Steel', 92.64, 81.62, 76.06, 74.07, 80.20, 132.67, 107.10, 89.31, 89.65, 77.39, 83.67),
(227, 14, 9, 'Knife', 'Navaja', 'Fade', 188.02, 155.71, 0.00, 0.00, 0.00, 181.53, 161.93, 0.00, 0.00, 0.00, 186.24),
(228, 14, 25, 'Knife', 'Navaja', 'Slaughter', 132.90, 119.28, 112.03, 0.00, 0.00, 151.03, 123.16, 129.49, 0.00, 0.00, 116.74),
(229, 14, 1, 'Knife', 'Navaja', 'Case Hardened', 144.44, 115.09, 111.16, 101.86, 104.64, 170.32, 136.57, 124.21, 101.63, 99.68, 110.77),
(230, 14, 2, 'Knife', 'Navaja', 'Night', 106.00, 76.00, 72.00, 72.00, 70.00, 126.00, 88.00, 74.00, 80.00, 71.00, 73.06),
(231, 14, 2, 'Knife', 'Navaja', 'Crimson Web', 317.92, 123.34, 100.32, 101.38, 92.69, 500.00, 169.18, 122.64, 121.67, 87.31, 107.09),
(232, 14, 1, 'Knife', 'Navaja', 'Blue Steel', 93.08, 82.30, 80.41, 76.80, 79.27, 119.00, 106.12, 95.22, 94.14, 80.06, 81.76),
(233, 14, 1, 'Knife', 'Navaja', 'Stained', 90.80, 79.61, 76.91, 73.83, 72.06, 101.00, 87.07, 89.08, 93.37, 82.60, 77.71),
(234, 14, 2, 'Knife', 'Navaja', 'Urban Masked', 123.00, 79.31, 72.09, 72.40, 69.55, 150.00, 75.31, 80.56, 78.47, 74.04, 73.91),
(235, 14, 2, 'Knife', 'Navaja', 'Safari Mesh', 56.44, 72.24, 71.11, 71.26, 69.78, 100.00, 69.27, 71.85, 57.50, 75.56, 71.04),
(236, 14, 2, 'Knife', 'Navaja', 'Scorched', 130.00, 73.27, 70.71, 72.27, 71.14, 145.00, 86.12, 76.54, 104.53, 66.16, 72.48),
(237, 14, 2, 'Knife', 'Navaja', 'Boreal Forest', 82.00, 77.50, 71.94, 73.39, 69.00, 120.00, 93.04, 78.11, 75.66, 66.52, 73.36),
(238, 14, 2, 'Knife', 'Navaja', 'Forest DDPAT', 113.61, 72.87, 70.78, 72.23, 70.47, 118.00, 76.69, 76.81, 68.24, 82.99, 72.05),
(239, 5, 9, 'Knife', 'Navaja', 'Doppler', 169.56, 153.25, 0.00, 0.00, 0.00, 192.06, 200.00, 0.00, 0.00, 0.00, 171.30),
(240, 14, 1, 'Knife', 'Stiletto', 'Vanilla', 165.74, 165.74, 165.74, 165.74, 165.74, 180.64, 180.64, 180.64, 180.64, 180.64, 167.23),
(241, 5, 9, 'Knife', 'Stiletto', 'Marble Fade', 296.27, 308.81, 0.00, 0.00, 0.00, 340.15, 300.00, 0.00, 0.00, 0.00, 300.92),
(242, 5, 9, 'Knife', 'Stiletto', 'Tiger Tooth', 244.27, 223.73, 0.00, 0.00, 0.00, 260.08, 266.60, 0.00, 0.00, 0.00, 245.20),
(243, 5, 77, 'Knife', 'Stiletto', 'Rust Coat', 0.00, 0.00, 0.00, 105.88, 129.63, 0.00, 0.00, 0.00, 136.26, 126.70, 127.91),
(244, 5, 2, 'Knife', 'Stiletto', 'Ultraviolet', 300.00, 164.75, 122.17, 118.62, 106.93, 500.00, 242.78, 131.34, 116.81, 102.99, 130.43),
(245, 5, 3, 'Knife', 'Stiletto', 'Damascus Steel', 161.53, 148.48, 133.65, 117.19, 123.58, 185.63, 153.93, 141.94, 138.21, 113.00, 144.15),
(246, 14, 9, 'Knife', 'Stiletto', 'Fade', 347.24, 293.49, 0.00, 0.00, 0.00, 359.16, 300.00, 0.00, 0.00, 0.00, 346.46),
(247, 14, 25, 'Knife', 'Stiletto', 'Slaughter', 261.43, 249.50, 234.54, 0.00, 0.00, 374.04, 239.28, 239.99, 0.00, 0.00, 241.82),
(248, 14, 1, 'Knife', 'Stiletto', 'Case Hardened', 385.32, 216.42, 184.09, 163.17, 143.36, 467.94, 221.72, 178.38, 188.62, 155.43, 187.34),
(249, 14, 2, 'Knife', 'Stiletto', 'Night', 204.00, 116.00, 104.00, 100.00, 93.00, 300.00, 114.00, 108.00, 113.00, 104.00, 105.40),
(250, 14, 2, 'Knife', 'Stiletto', 'Crimson Web', 500.00, 304.43, 194.41, 190.49, 155.73, 750.00, 361.10, 229.34, 195.78, 132.88, 213.21),
(251, 14, 1, 'Knife', 'Stiletto', 'Blue Steel', 197.41, 144.86, 133.54, 125.97, 122.30, 219.00, 171.69, 161.80, 119.05, 139.11, 136.30),
(252, 14, 1, 'Knife', 'Stiletto', 'Stained', 162.61, 134.81, 124.92, 123.67, 114.58, 215.59, 156.23, 119.67, 124.07, 113.62, 126.96),
(253, 14, 2, 'Knife', 'Stiletto', 'Urban Masked', 116.62, 120.01, 106.01, 104.31, 95.15, 168.00, 120.06, 115.09, 101.45, 100.50, 107.57),
(254, 14, 2, 'Knife', 'Stiletto', 'Safari Mesh', 146.00, 99.91, 96.40, 94.48, 92.04, 175.00, 104.94, 100.05, 144.46, 103.20, 97.45),
(255, 14, 2, 'Knife', 'Stiletto', 'Scorched', 121.15, 98.78, 97.33, 91.40, 96.48, 200.00, 120.17, 108.31, 121.10, 93.29, 98.40),
(256, 14, 2, 'Knife', 'Stiletto', 'Boreal Forest', 117.99, 110.42, 97.74, 98.12, 94.66, 201.00, 104.45, 103.43, 100.63, 79.73, 99.83),
(257, 14, 2, 'Knife', 'Stiletto', 'Forest DDPAT', 173.27, 109.42, 98.42, 91.44, 93.52, 150.00, 148.10, 101.32, 95.59, 115.80, 100.77),
(258, 5, 9, 'Knife', 'Stiletto', 'Doppler', 287.10, 259.59, 0.00, 0.00, 0.00, 309.53, 499.98, 0.00, 0.00, 0.00, 289.14),
(259, 14, 1, 'Knife', 'Talon', 'Vanilla', 355.41, 355.41, 355.41, 355.41, 355.41, 379.75, 379.75, 379.75, 379.75, 379.75, 357.84),
(260, 5, 9, 'Knife', 'Talon', 'Marble Fade', 848.16, 707.17, 0.00, 0.00, 0.00, 910.39, 779.88, 0.00, 0.00, 0.00, 849.29),
(261, 5, 9, 'Knife', 'Talon', 'TigerTooth', 529.00, 502.00, 0.00, 0.00, 0.00, 612.00, 547.00, 0.00, 0.00, 0.00, 536.18),
(262, 5, 77, 'Knife', 'Talon', 'Rust Coat', 0.00, 0.00, 0.00, 282.24, 263.39, 0.00, 0.00, 0.00, 307.05, 279.59, 266.39),
(263, 5, 2, 'Knife', 'Talon', 'Ultraviolet', 940.14, 363.03, 246.69, 246.38, 225.51, 1000.00, 343.67, 254.98, 220.60, 216.12, 268.45),
(264, 5, 3, 'Knife', 'Talon', 'Damascus Steel', 347.39, 330.27, 288.79, 279.97, 229.06, 405.72, 301.37, 314.87, 331.76, 283.92, 313.15),
(265, 14, 9, 'Knife', 'Talon', 'Fade', 1153.58, 937.96, 0.00, 0.00, 0.00, 1034.07, 738.00, 0.00, 0.00, 0.00, 1133.49),
(266, 14, 25, 'Knife', 'Talon', 'Slaughter', 675.74, 522.89, 502.01, 0.00, 0.00, 687.17, 628.64, 414.27, 0.00, 0.00, 513.47),
(267, 14, 1, 'Knife', 'Talon', 'Case Hardened', 682.88, 506.21, 412.37, 351.16, 395.61, 679.00, 80.44, 482.89, 478.19, 511.59, 422.64),
(268, 14, 2, 'Knife', 'Talon', 'Night', 322.00, 226.00, 176.00, 171.00, 169.00, 397.00, 268.00, 206.00, 184.00, 167.00, 187.09),
(269, 14, 2, 'Knife', 'Talon', 'Crimson Web', 1000.00, 614.97, 349.65, 337.02, 297.38, 2000.00, 708.00, 411.41, 411.84, 309.36, 399.41),
(270, 14, 1, 'Knife', 'Talon', 'Blue Steel', 367.56, 339.61, 317.54, 285.90, 287.32, 394.00, 431.80, 284.60, 300.12, 337.35, 314.26),
(271, 14, 1, 'Knife', 'Talon', 'Stained', 323.59, 297.91, 271.27, 254.45, 262.33, 340.00, 400.76, 279.72, 300.48, 288.76, 278.09),
(272, 14, 2, 'Knife', 'Talon', 'Urban Masked', 384.57, 245.27, 212.22, 193.99, 183.96, 309.00, 232.56, 238.94, 175.41, 225.04, 215.47),
(273, 14, 2, 'Knife', 'Talon', 'SafariMesh', 194.00, 171.00, 159.00, 158.00, 154.00, 256.00, 189.00, 159.00, 148.00, 163.00, 160.98),
(274, 14, 2, 'Knife', 'Talon', 'Scorched', 246.64, 223.07, 199.34, 189.33, 187.09, 337.00, 254.93, 228.41, 172.63, 222.17, 204.05),
(275, 14, 2, 'Knife', 'Talon', 'Boreal Forest', 394.60, 242.72, 197.97, 189.29, 189.54, 300.00, 229.22, 227.19, 210.41, 180.20, 206.74),
(276, 14, 2, 'Knife', 'Talon', 'Forest DDPAT', 318.02, 234.23, 196.97, 190.74, 184.30, 321.00, 258.09, 221.16, 205.15, 199.48, 204.28),
(277, 5, 9, 'Knife', 'Talon', 'Doppler', 702.97, 572.83, 0.00, 0.00, 0.00, 794.75, 544.78, 0.00, 0.00, 0.00, 706.97),
(278, 14, 1, 'Knife', 'Ursus', 'Vanilla', 222.74, 222.74, 222.74, 222.74, 222.74, 245.70, 245.70, 245.70, 245.70, 245.70, 225.04),
(279, 5, 9, 'Knife', 'Ursus', 'Marble Fade', 423.55, 367.99, 0.00, 0.00, 0.00, 456.31, 455.00, 0.00, 0.00, 0.00, 425.00),
(280, 5, 9, 'Knife', 'Ursus', 'TigerTooth', 316.00, 325.00, 0.00, 0.00, 0.00, 373.00, 350.00, 0.00, 0.00, 0.00, 321.91),
(281, 5, 77, 'Knife', 'Ursus', 'Rust Coat', 0.00, 0.00, 0.00, 119.80, 117.52, 0.00, 0.00, 0.00, 120.65, 129.90, 118.84),
(282, 5, 2, 'Knife', 'Ursus', 'Ultraviolet', 834.12, 233.77, 162.02, 158.99, 124.55, 500.00, 276.11, 177.10, 130.39, 114.07, 174.44),
(283, 5, 3, 'Knife', 'Ursus', 'Damascus Steel', 168.49, 148.46, 128.83, 121.15, 123.79, 210.99, 175.79, 137.98, 151.83, 97.46, 144.85),
(284, 14, 9, 'Knife', 'Ursus', 'Fade', 559.00, 498.75, 0.00, 0.00, 0.00, 584.61, 600.00, 0.00, 0.00, 0.00, 559.64),
(285, 14, 25, 'Knife', 'Ursus', 'Slaughter', 350.71, 310.88, 302.12, 0.00, 0.00, 416.06, 298.99, 296.31, 0.00, 0.00, 305.64),
(286, 14, 1, 'Knife', 'Ursus', 'Case Hardened', 417.31, 214.51, 180.26, 162.90, 169.70, 413.90, 276.50, 148.35, 210.37, 171.17, 191.32),
(287, 14, 2, 'Knife', 'Ursus', 'Night', 333.00, 149.00, 123.00, 111.00, 106.00, 389.00, 204.00, 125.00, 108.00, 115.00, 126.78),
(288, 14, 2, 'Knife', 'Ursus', 'Crimson Web', 700.00, 572.50, 300.44, 265.15, 197.86, 1000.00, 477.54, 373.16, 270.00, 259.81, 338.15),
(289, 14, 1, 'Knife', 'Ursus', 'Blue Steel', 232.09, 149.68, 140.58, 128.21, 128.20, 255.71, 167.48, 163.54, 150.46, 159.96, 142.86),
(290, 14, 1, 'Knife', 'Ursus', 'Stained', 173.14, 139.26, 123.81, 117.95, 117.53, 253.96, 144.05, 124.79, 117.27, 107.88, 126.81),
(291, 14, 2, 'Knife', 'Ursus', 'Urban Masked', 263.42, 138.66, 108.63, 116.74, 104.43, 235.00, 117.33, 123.14, 104.96, 98.08, 115.28),
(292, 14, 2, 'Knife', 'Ursus', 'Safari Mesh', 153.00, 113.33, 101.71, 104.71, 100.98, 200.00, 116.09, 102.15, 115.10, 83.74, 104.19),
(293, 14, 2, 'Knife', 'Ursus', 'Scorched', 346.83, 116.01, 104.07, 102.35, 100.14, 200.00, 114.80, 112.56, 112.13, 111.46, 107.57),
(294, 14, 2, 'Knife', 'Ursus', 'Boreal Forest', 149.99, 124.46, 110.83, 104.26, 102.14, 200.00, 157.87, 109.31, 106.74, 89.12, 112.14),
(295, 14, 2, 'Knife', 'Ursus', 'Forest DDPAT', 105.29, 127.10, 114.46, 99.87, 101.11, 200.00, 139.53, 125.37, 194.71, 101.50, 115.34),
(296, 5, 9, 'Knife', 'Ursus', 'Doppler', 347.86, 375.38, 0.00, 0.00, 0.00, 682.53, 334.64, 0.00, 0.00, 0.00, 380.96),
(297, 9, 1, 'Knife', 'Nomad', 'Vanilla', 212.31, 212.31, 212.31, 212.31, 212.31, 224.61, 224.61, 224.61, 224.61, 224.61, 213.54),
(298, 9, 9, 'Knife', 'Nomad', 'Fade', 509.97, 362.71, 0.00, 0.00, 0.00, 601.53, 690.00, 0.00, 0.00, 0.00, 514.62),
(299, 9, 25, 'Knife', 'Nomad', 'Slaughter', 325.92, 286.61, 270.82, 0.00, 0.00, 400.75, 358.11, 285.00, 0.00, 0.00, 283.06),
(300, 9, 1, 'Knife', 'Nomad', 'Case Hardened', 433.27, 235.06, 214.33, 157.93, 160.14, 516.82, 664.72, 303.93, 230.39, 150.29, 218.77),
(301, 9, 2, 'Knife', 'Nomad', 'Night', 300.00, 162.00, 123.00, 111.00, 115.00, 400.00, 200.00, 135.00, 143.00, 121.00, 130.72),
(302, 9, 2, 'Knife', 'Nomad', 'Crimson Web', 1864.82, 517.46, 293.85, 220.80, 181.35, 1000.00, 650.00, 339.88, 300.00, 258.00, 327.82),
(303, 9, 1, 'Knife', 'Nomad', 'Blue Steel', 227.08, 172.75, 154.74, 150.67, 133.38, 350.00, 214.15, 171.96, 185.05, 138.74, 159.68),
(304, 9, 1, 'Knife', 'Nomad', 'Stained', 198.49, 161.42, 144.46, 134.33, 125.58, 250.00, 216.91, 169.44, 171.19, 117.25, 147.76),
(305, 9, 2, 'Knife', 'Nomad', 'Urban Masked', 126.51, 107.56, 100.59, 101.17, 92.34, 300.00, 129.45, 110.54, 101.83, 91.76, 101.98),
(306, 9, 2, 'Knife', 'Nomad', 'Safari Mesh', 112.82, 102.36, 93.35, 87.21, 96.22, 250.00, 106.20, 97.77, 107.13, 90.05, 95.46),
(307, 9, 2, 'Knife', 'Nomad', 'Scorched', 175.00, 100.75, 97.37, 105.25, 90.45, 275.00, 144.16, 101.43, 85.95, 90.15, 99.04),
(308, 9, 2, 'Knife', 'Nomad', 'Boreal Forest', 200.00, 123.13, 108.37, 105.12, 95.75, 300.00, 152.15, 111.20, 106.25, 92.12, 110.25),
(309, 9, 2, 'Knife', 'Nomad', 'Forest DDPAT', 181.28, 129.63, 100.39, 94.40, 94.93, 300.00, 137.72, 107.24, 110.81, 115.18, 105.89),
(310, 9, 1, 'Knife', 'Paracord', 'Vanilla', 321.13, 321.13, 321.13, 321.13, 321.13, 354.60, 354.60, 354.60, 354.60, 354.60, 324.48),
(311, 9, 9, 'Knife', 'Paracord', 'Fade', 832.50, 852.32, 0.00, 0.00, 0.00, 996.46, 1100.00, 0.00, 0.00, 0.00, 849.92),
(312, 9, 25, 'Knife', 'Paracord', 'Slaughter', 504.17, 429.61, 352.08, 0.00, 0.00, 524.64, 532.44, 306.81, 0.00, 0.00, 394.00),
(313, 9, 1, 'Knife', 'Paracord', 'Case Hardened', 513.03, 293.46, 269.74, 211.20, 196.24, 576.00, 468.50, 426.83, 321.49, 350.98, 271.62),
(314, 9, 2, 'Knife', 'Paracord', 'Night', 350.00, 260.00, 191.00, 183.00, 153.00, 500.00, 280.00, 219.00, 198.00, 178.00, 200.97),
(315, 9, 2, 'Knife', 'Paracord', 'Crimson Web', 1500.00, 946.43, 373.00, 332.71, 196.36, 3000.00, 1160.71, 403.57, 404.82, 254.85, 462.53),
(316, 9, 1, 'Knife', 'Paracord', 'Blue Steel', 276.45, 223.45, 201.39, 196.00, 222.85, 317.00, 292.87, 196.53, 205.22, 190.46, 212.41),
(317, 9, 1, 'Knife', 'Paracord', 'Stained', 323.28, 214.08, 167.53, 165.71, 147.62, 450.00, 272.38, 198.58, 233.62, 177.94, 184.67),
(318, 9, 2, 'Knife', 'Paracord', 'Urban Masked', 276.99, 169.43, 123.77, 114.74, 119.32, 249.00, 190.00, 138.41, 172.59, 124.62, 133.25),
(319, 9, 2, 'Knife', 'Paracord', 'Safari Mesh', 216.05, 135.53, 111.49, 109.74, 105.84, 219.00, 146.00, 118.24, 106.19, 111.69, 116.12),
(320, 9, 2, 'Knife', 'Paracord', 'Scorched', 242.38, 139.70, 113.76, 122.27, 115.43, 342.72, 174.77, 140.10, 137.83, 135.00, 122.74),
(321, 9, 2, 'Knife', 'Paracord', 'Boreal Forest', 372.09, 161.20, 131.62, 123.74, 118.44, 289.00, 201.41, 197.67, 148.00, 114.72, 140.60),
(322, 9, 2, 'Knife', 'Paracord', 'Forest DDPAT', 316.69, 148.55, 123.64, 117.63, 115.07, 322.00, 211.13, 128.76, 130.70, 106.45, 128.96),
(323, 9, 1, 'Knife', 'Skeleton', 'Vanilla', 1002.16, 1002.16, 1002.16, 1002.16, 1002.16, 1004.64, 1004.64, 1004.64, 1004.64, 1004.64, 1002.41),
(324, 9, 9, 'Knife', 'Skeleton', 'Fade', 1794.24, 1800.69, 0.00, 0.00, 0.00, 1775.11, 1800.00, 0.00, 0.00, 0.00, 1792.63),
(325, 9, 25, 'Knife', 'Skeleton', 'Slaughter', 1193.34, 1049.53, 1014.43, 0.00, 0.00, 1255.78, 1277.77, 827.74, 0.00, 0.00, 1034.29),
(326, 9, 1, 'Knife', 'Skeleton', 'Case Hardened', 1283.12, 859.58, 761.27, 531.08, 456.71, 1722.00, 1059.98, 570.28, 732.17, 582.96, 703.21),
(327, 9, 2, 'Knife', 'Skeleton', 'Night', 750.00, 536.00, 450.00, 491.00, 383.00, 800.00, 586.00, 500.00, 541.00, 435.00, 466.34),
(328, 9, 2, 'Knife', 'Skeleton', 'Crimson Web', 2000.00, 1866.96, 1622.39, 1396.89, 794.80, 4000.00, 1835.27, 1411.65, 1283.53, 1301.44, 1529.97),
(329, 9, 1, 'Knife', 'Skeleton', 'Blue Steel', 993.81, 496.44, 562.72, 497.59, 459.93, 1000.00, 666.91, 557.85, 487.82, 453.73, 531.28),
(330, 9, 1, 'Knife', 'Skeleton', 'Stained', 716.30, 580.56, 496.43, 452.22, 401.91, 567.00, 562.86, 533.54, 496.73, 421.62, 499.22),
(331, 9, 2, 'Knife', 'Skeleton', 'Urban Masked', 600.00, 377.69, 338.12, 330.76, 288.37, 800.00, 434.91, 372.23, 315.00, 305.22, 342.54),
(332, 9, 2, 'Knife', 'Skeleton', 'Safari Mesh', 447.40, 293.37, 285.02, 275.65, 250.16, 350.00, 270.00, 292.31, 268.00, 293.98, 282.38),
(333, 9, 2, 'Knife', 'Skeleton', 'Scorched', 340.00, 318.83, 290.02, 270.53, 267.19, 374.00, 347.83, 279.82, 267.94, 267.91, 290.64),
(334, 9, 2, 'Knife', 'Skeleton', 'Boreal Forest', 375.00, 363.28, 325.45, 279.76, 276.59, 400.00, 339.85, 317.36, 364.12, 203.17, 320.82),
(335, 9, 2, 'Knife', 'Skeleton', 'Forest DDPAT', 359.00, 360.25, 348.04, 349.23, 279.08, 400.00, 294.96, 348.72, 274.95, 297.44, 339.43),
(336, 9, 1, 'Knife', 'Survival', 'Vanilla', 271.48, 271.48, 271.48, 271.48, 271.48, 274.41, 274.41, 274.41, 274.41, 274.41, 271.77),
(337, 9, 9, 'Knife', 'Survival', 'Fade', 579.79, 468.93, 0.00, 0.00, 0.00, 634.41, 600.00, 0.00, 0.00, 0.00, 581.49),
(338, 9, 25, 'Knife', 'Survival', 'Slaughter', 369.74, 350.94, 322.59, 0.00, 0.00, 384.96, 373.19, 352.67, 0.00, 0.00, 339.46),
(339, 9, 1, 'Knife', 'Survival', 'Case Hardened', 401.88, 225.24, 197.08, 161.27, 161.25, 291.74, 263.48, 236.97, 202.56, 152.05, 198.40),
(340, 9, 2, 'Knife', 'Survival', 'Night', 350.00, 263.00, 165.00, 143.00, 160.00, 400.00, 273.00, 192.00, 168.00, 150.00, 183.00),
(341, 9, 2, 'Knife', 'Survival', 'Crimson Web', 900.00, 688.44, 356.83, 267.62, 238.53, 2500.00, 800.00, 423.88, 400.00, 209.00, 403.33),
(342, 9, 1, 'Knife', 'Survival', 'Blue Steel', 182.64, 172.43, 154.41, 149.35, 146.90, 294.89, 207.67, 148.10, 147.80, 124.70, 157.75),
(343, 9, 1, 'Knife', 'Survival', 'Stained', 235.20, 163.08, 149.50, 135.06, 127.66, 264.00, 177.92, 167.14, 149.99, 141.77, 149.98),
(344, 9, 2, 'Knife', 'Survival', 'Urban Masked', 232.76, 130.86, 115.35, 104.44, 103.42, 250.00, 175.00, 119.63, 108.10, 115.99, 117.52),
(345, 9, 2, 'Knife', 'Survival', 'SafariMesh', 169.00, 127.00, 121.00, 114.00, 117.00, 200.00, 147.00, 136.00, 128.00, 120.00, 122.65),
(346, 9, 2, 'Knife', 'Survival', 'Scorched', 197.31, 123.90, 110.43, 114.62, 94.36, 250.00, 143.10, 122.23, 120.00, 96.70, 112.63),
(347, 9, 2, 'Knife', 'Survival', 'Boreal Forest', 216.00, 122.61, 110.35, 109.71, 111.57, 250.00, 133.40, 121.74, 125.64, 111.23, 114.29),
(348, 9, 2, 'Knife', 'Survival', 'Forest DDPAT', 215.00, 128.84, 114.75, 110.74, 109.08, 238.00, 155.97, 114.49, 108.80, 122.58, 117.40),
(349, 7, 1, 'Knife', 'Classic', 'Vanilla', 324.13, 324.13, 324.13, 324.13, 324.13, 393.79, 393.79, 393.79, 393.79, 393.79, 331.10),
(350, 7, 9, 'Knife', 'Classic', 'Fade', 654.21, 545.00, 0.00, 0.00, 0.00, 869.92, 643.00, 0.00, 0.00, 0.00, 671.38),
(351, 7, 25, 'Knife', 'Classic', 'Slaughter', 452.37, 305.78, 321.86, 0.00, 0.00, 542.34, 265.89, 361.00, 0.00, 0.00, 313.71),
(352, 7, 1, 'Knife', 'Classic', 'Case Hardened', 363.08, 241.51, 206.90, 170.89, 175.97, 611.52, 236.22, 256.26, 239.93, 163.64, 210.01),
(353, 7, 2, 'Knife', 'Classic', 'Night', 300.00, 137.00, 137.00, 192.00, 163.00, 350.00, 194.00, 162.00, 297.00, 197.00, 149.94),
(354, 7, 2, 'Knife', 'Classic', 'Crimson Web', 2636.00, 354.51, 336.46, 607.01, 271.92, 5000.00, 401.52, 307.99, 784.00, 354.88, 369.62),
(355, 7, 1, 'Knife', 'Classic', 'Blue Steel', 242.85, 162.75, 155.69, 148.98, 151.07, 300.00, 163.99, 168.59, 176.96, 164.29, 159.16),
(356, 7, 1, 'Knife', 'Classic', 'Stained', 253.11, 152.60, 142.19, 130.56, 132.47, 352.91, 167.92, 143.71, 126.43, 144.55, 144.48),
(357, 7, 2, 'Knife', 'Classic', 'Urban Masked', 180.99, 115.29, 114.24, 117.59, 119.10, 265.00, 130.91, 136.20, 105.66, 111.50, 117.19),
(358, 7, 2, 'Knife', 'Classic', 'Safari Mesh', 182.43, 117.25, 114.97, 112.06, 112.06, 250.00, 132.50, 116.07, 109.80, 106.42, 115.41),
(359, 7, 2, 'Knife', 'Classic', 'Scorched', 202.00, 127.72, 124.59, 128.48, 122.62, 250.00, 155.07, 135.53, 206.35, 108.90, 127.27),
(360, 7, 2, 'Knife', 'Classic', 'Boreal Forest', 200.00, 127.17, 122.09, 150.67, 123.73, 250.00, 161.83, 129.62, 164.00, 126.63, 127.29),
(361, 7, 2, 'Knife', 'Classic', 'Forest DDPAT', 228.00, 124.38, 118.61, 141.39, 122.32, 250.00, 154.02, 133.03, 110.49, 113.83, 123.70),
(362, 12, 2, 'Gloves', 'Bloodhound', 'Charred', 1200.00, 306.23, 136.49, 131.33, 124.43, 0.00, 0.00, 0.00, 0.00, 0.00, 153.88),
(363, 12, 2, 'Gloves', 'Bloodhound', 'Snakebite', 0.00, 263.96, 135.69, 133.92, 115.14, 0.00, 0.00, 0.00, 0.00, 0.00, 139.41),
(364, 12, 2, 'Gloves', 'Bloodhound', 'Bronzed', 0.00, 211.59, 125.13, 118.08, 108.58, 0.00, 0.00, 0.00, 0.00, 0.00, 123.33),
(365, 12, 2, 'Gloves', 'Bloodhound', 'Guerrilla', 0.00, 198.55, 123.03, 116.75, 105.00, 0.00, 0.00, 0.00, 0.00, 0.00, 119.56),
(366, 12, 2, 'Gloves', 'Driver ', 'Crimson Weave', 3095.00, 963.00, 393.00, 319.00, 239.00, 0.00, 0.00, 0.00, 0.00, 0.00, 435.11),
(367, 12, 2, 'Gloves', 'Driver ', 'Lunar Wave', 870.00, 312.00, 137.00, 135.00, 92.00, 0.00, 0.00, 0.00, 0.00, 0.00, 149.61),
(368, 12, 2, 'Gloves', 'Driver ', 'Diamondback', 531.00, 203.00, 108.00, 104.00, 86.00, 0.00, 0.00, 0.00, 0.00, 0.00, 111.70),
(369, 12, 2, 'Gloves', 'Driver ', 'Convoy', 458.00, 128.00, 89.00, 86.00, 78.00, 0.00, 0.00, 0.00, 0.00, 0.00, 86.73),
(370, 12, 2, 'Gloves', 'Hand Wraps', 'Slaughter', 2036.00, 566.00, 293.00, 263.00, 227.00, 0.00, 0.00, 0.00, 0.00, 0.00, 306.40),
(371, 12, 2, 'Gloves', 'Hand Wraps', 'Leather', 633.00, 267.00, 154.00, 143.00, 142.00, 0.00, 0.00, 0.00, 0.00, 0.00, 157.01),
(372, 12, 2, 'Gloves', 'Hand Wraps', 'Badlands', 800.00, 313.00, 174.00, 144.00, 133.00, 0.00, 0.00, 0.00, 0.00, 0.00, 174.97),
(373, 12, 2, 'Gloves', 'Hand Wraps', 'Spruce DDPAT', 546.00, 188.00, 120.00, 123.00, 118.00, 0.00, 0.00, 0.00, 0.00, 0.00, 121.16),
(374, 12, 2, 'Gloves', 'Moto ', 'Spremint', 5000.00, 3880.00, 946.00, 626.00, 245.00, 0.00, 0.00, 0.00, 0.00, 0.00, 1234.89),
(375, 12, 2, 'Gloves', 'Moto ', 'Cool Mint', 1152.00, 803.00, 306.00, 240.00, 141.00, 0.00, 0.00, 0.00, 0.00, 0.00, 334.59),
(376, 12, 2, 'Gloves', 'Moto ', 'Boom', 1051.00, 485.00, 216.00, 175.00, 114.00, 0.00, 0.00, 0.00, 0.00, 0.00, 226.44),
(377, 12, 2, 'Gloves', 'Moto ', 'Eclipse', 807.00, 403.00, 185.00, 156.00, 114.00, 0.00, 0.00, 0.00, 0.00, 0.00, 193.94),
(378, 12, 2, 'Gloves', 'Specialist', 'Crimson Kimono', 4023.14, 0.00, 1286.74, 0.00, 649.19, 0.00, 0.00, 0.00, 0.00, 0.00, 790.33),
(379, 12, 2, 'Gloves', 'Specialist', 'Emerald Web', 3093.75, 1310.09, 453.83, 351.80, 263.59, 0.00, 0.00, 0.00, 0.00, 0.00, 529.10),
(380, 12, 2, 'Gloves', 'Specialist', 'Foundation', 0.00, 770.42, 320.01, 258.51, 179.77, 0.00, 0.00, 0.00, 0.00, 0.00, 337.00),
(381, 12, 2, 'Gloves', 'Specialist', 'Forest DDPAT', 573.61, 243.69, 111.80, 103.78, 97.62, 0.00, 0.00, 0.00, 0.00, 0.00, 121.94),
(382, 12, 2, 'Gloves', 'Sport', 'Superconductor', 4034.00, 0.00, 1226.54, 908.35, 411.37, 0.00, 0.00, 0.00, 0.00, 0.00, 796.23),
(383, 12, 2, 'Gloves', 'Sport', 'Pandoras Box', 6000.00, 5380.00, 1592.00, 1338.00, 616.00, 0.00, 0.00, 0.00, 0.00, 0.00, 1926.65),
(384, 12, 2, 'Gloves', 'Sport', 'Hedge Maze', 3768.00, 0.00, 1051.29, 748.93, 358.01, 0.00, 0.00, 0.00, 0.00, 0.00, 682.55),
(385, 12, 2, 'Gloves', 'Sport', 'Arid', 0.00, 692.06, 421.43, 337.98, 258.13, 0.00, 0.00, 0.00, 0.00, 0.00, 394.28),
(386, 13, 2, 'Gloves', 'Hydra', 'Case Hardened', 651.23, 241.46, 138.14, 125.21, 112.00, 0.00, 0.00, 0.00, 0.00, 0.00, 139.46);
INSERT INTO `specialitems` (`id`, `collection_id`, `odds`, `spType`, `specialItem`, `spName`, `FactoryNew`, `MinimalWear`, `FieldTested`, `WellWorm`, `BattleScared`, `FactoryNewSt`, `MinimalWearSt`, `FieldTestedSt`, `WellWormSt`, `BattleScaredSt`, `povprecje`) VALUES
(387, 13, 2, 'Gloves', 'Hydra', 'Mangrove', 442.74, 113.80, 90.56, 92.33, 87.14, 0.00, 0.00, 0.00, 0.00, 0.00, 86.80),
(388, 13, 2, 'Gloves', 'Hydra', 'Emerald', 0.00, 194.82, 111.64, 114.29, 107.10, 0.00, 0.00, 0.00, 0.00, 0.00, 112.94),
(389, 13, 2, 'Gloves', 'Hydra', 'Rattler', 619.00, 132.23, 96.71, 93.53, 93.77, 0.00, 0.00, 0.00, 0.00, 0.00, 94.89),
(390, 13, 2, 'Gloves', 'Driver ', 'Imperial Plaid', 3921.00, 724.00, 359.00, 314.00, 247.00, 0.00, 0.00, 0.00, 0.00, 0.00, 383.31),
(391, 13, 2, 'Gloves', 'Driver ', 'King Snake', 7663.00, 1840.00, 458.00, 383.00, 287.00, 0.00, 0.00, 0.00, 0.00, 0.00, 645.82),
(392, 13, 2, 'Gloves', 'Driver ', 'Overtake', 1571.00, 300.00, 149.00, 124.00, 109.00, 0.00, 0.00, 0.00, 0.00, 0.00, 159.05),
(393, 13, 2, 'Gloves', 'Driver ', 'Racing Green', 468.00, 97.00, 60.00, 64.00, 63.00, 0.00, 0.00, 0.00, 0.00, 0.00, 62.76),
(394, 13, 2, 'Gloves', 'Hand Wraps', 'Cobalt Skulls', 2359.00, 1280.00, 597.00, 510.00, 413.00, 0.00, 0.00, 0.00, 0.00, 0.00, 627.34),
(395, 13, 2, 'Gloves', 'Hand Wraps', 'Overprint', 1799.00, 661.00, 368.00, 316.00, 229.00, 0.00, 0.00, 0.00, 0.00, 0.00, 364.82),
(396, 13, 2, 'Gloves', 'Hand Wraps', 'Duct Tape', 397.00, 147.00, 97.00, 103.00, 96.00, 0.00, 0.00, 0.00, 0.00, 0.00, 97.25),
(397, 13, 2, 'Gloves', 'Hand Wraps', 'Arboreal', 543.00, 215.00, 120.00, 130.00, 105.00, 0.00, 0.00, 0.00, 0.00, 0.00, 124.41),
(398, 13, 2, 'Gloves', 'Moto ', 'Pow', 2790.00, 1279.00, 460.00, 345.00, 191.00, 0.00, 0.00, 0.00, 0.00, 0.00, 516.32),
(399, 13, 2, 'Gloves', 'Moto ', 'Polygon', 1553.00, 584.00, 282.00, 267.00, 205.00, 0.00, 0.00, 0.00, 0.00, 0.00, 298.46),
(400, 13, 2, 'Gloves', 'Moto ', 'Turtle', 1398.00, 485.00, 263.00, 224.00, 180.00, 0.00, 0.00, 0.00, 0.00, 0.00, 265.23),
(401, 13, 2, 'Gloves', 'Moto ', 'Transport', 605.00, 255.00, 119.00, 117.00, 95.00, 0.00, 0.00, 0.00, 0.00, 0.00, 128.44),
(402, 13, 2, 'Gloves', 'Specialist', 'Fade', 4136.00, 1428.67, 521.79, 418.72, 230.28, 0.00, 0.00, 0.00, 0.00, 0.00, 590.89),
(403, 13, 2, 'Gloves', 'Specialist', 'Crimson Web', 2956.00, 889.80, 351.08, 295.79, 188.92, 0.00, 0.00, 0.00, 0.00, 0.00, 392.21),
(404, 13, 2, 'Gloves', 'Specialist', 'Mogul', 1827.60, 549.40, 287.76, 247.67, 199.98, 0.00, 0.00, 0.00, 0.00, 0.00, 295.34),
(405, 13, 2, 'Gloves', 'Specialist', 'Buckshot', 548.28, 149.86, 100.42, 95.00, 91.89, 0.00, 0.00, 0.00, 0.00, 0.00, 99.23),
(406, 13, 2, 'Gloves', 'Sport', 'Vice', 11304.11, 1794.24, 1613.89, 1206.04, 792.68, 0.00, 0.00, 0.00, 0.00, 0.00, 1400.14),
(407, 13, 2, 'Gloves', 'Sport', 'Amphibious', 4626.95, 1502.24, 763.65, 660.01, 458.92, 0.00, 0.00, 0.00, 0.00, 0.00, 781.06),
(408, 13, 2, 'Gloves', 'Sport', 'Omega', 2707.00, 1089.34, 603.97, 472.62, 396.51, 0.00, 0.00, 0.00, 0.00, 0.00, 597.33),
(409, 13, 2, 'Gloves', 'Sport', 'Bronze Morph', 1114.15, 408.74, 219.00, 193.57, 171.08, 0.00, 0.00, 0.00, 0.00, 0.00, 224.53);

-- --------------------------------------------------------

--
-- Table structure for table `volume`
--

CREATE TABLE `volume` (
  `id` int(255) NOT NULL,
  `datum` date NOT NULL,
  `volume` int(255) NOT NULL
) ENGINE=InnoDB DEFAULT CHARSET=utf8mb4;

--
-- Dumping data for table `volume`
--

INSERT INTO `volume` (`id`, `datum`, `volume`) VALUES
(1, '2021-02-22', 1059500),
(2, '2021-02-23', 1055016),
(3, '2021-02-10', 977712),
(4, '2021-02-11', 1034266),
(5, '2021-02-12', 1080722),
(6, '2021-02-13', 989441),
(7, '2021-02-14', 1019652),
(8, '2021-02-15', 921641),
(9, '2021-02-16', 872257),
(10, '2021-02-17', 864330),
(11, '2021-02-18', 828893),
(12, '2021-02-19', 848227),
(13, '2021-02-20', 906413),
(14, '2021-02-21', 977560),
(15, '2021-02-24', 1159059),
(16, '2021-02-25', 1236685),
(17, '2021-02-26', 1258628),
(18, '2021-02-27', 1395252),
(19, '2021-02-28', 1388664),
(20, '2021-03-01', 1350094),
(21, '2021-03-02', 1296203),
(22, '2021-03-03', 1399338),
(23, '2021-03-04', 1502483),
(24, '2021-03-05', 1364165),
(25, '2021-03-06', 1589869),
(26, '2021-03-07', 1470408),
(27, '2021-03-08', 1340177),
(28, '2021-03-09', 1327256),
(29, '2021-03-10', 1372475),
(30, '2021-03-11', 2042512),
(31, '2021-03-12', 1862282),
(32, '2021-03-13', 1867729),
(33, '2021-03-14', 1837833),
(34, '2021-03-15', 1846353),
(35, '2021-03-16', 1374411),
(36, '2021-03-17', 1331202),
(37, '2021-03-18', 1326332),
(38, '2021-03-19', 1275740),
(39, '2021-03-20', 1313400),
(40, '2021-03-21', 1292276),
(41, '2021-03-22', 1141996),
(42, '2021-03-23', 1168137),
(43, '2021-03-24', 1174680),
(44, '2021-03-25', 1143592),
(45, '2021-03-26', 1150658),
(46, '2021-03-27', 1254568),
(47, '2021-03-28', 1211586),
(48, '2021-03-29', 1138694),
(49, '2021-03-30', 1172654),
(50, '2021-03-31', 1112972),
(51, '2021-04-01', 1232005),
(52, '2021-04-02', 1194133),
(53, '2021-04-03', 1319537),
(54, '2021-04-04', 1300026),
(55, '2021-04-05', 1187582),
(56, '2021-04-06', 1258463),
(57, '2021-04-07', 1352281),
(58, '2021-04-08', 953395),
(59, '2021-04-09', 1196277),
(60, '2021-04-10', 1483480),
(61, '2021-04-11', 1377276),
(62, '2021-04-12', 1072274);

--
-- Indexes for dumped tables
--

--
-- Indexes for table `cases`
--
ALTER TABLE `cases`
  ADD PRIMARY KEY (`case_id`),
  ADD KEY `collection_id` (`collection_id`);

--
-- Indexes for table `collections`
--
ALTER TABLE `collections`
  ADD PRIMARY KEY (`collection_id`);

--
-- Indexes for table `daily`
--
ALTER TABLE `daily`
  ADD PRIMARY KEY (`id`);

--
-- Indexes for table `odds`
--
ALTER TABLE `odds`
  ADD PRIMARY KEY (`odds_id`);

--
-- Indexes for table `skins`
--
ALTER TABLE `skins`
  ADD PRIMARY KEY (`skin_id`),
  ADD KEY `odds` (`odds`),
  ADD KEY `case_id` (`case_id`);

--
-- Indexes for table `specialitems`
--
ALTER TABLE `specialitems`
  ADD PRIMARY KEY (`id`),
  ADD KEY `odds` (`odds`),
  ADD KEY `collection_id` (`collection_id`);

--
-- Indexes for table `volume`
--
ALTER TABLE `volume`
  ADD PRIMARY KEY (`id`);

--
-- AUTO_INCREMENT for dumped tables
--

--
-- AUTO_INCREMENT for table `cases`
--
ALTER TABLE `cases`
  MODIFY `case_id` int(255) NOT NULL AUTO_INCREMENT, AUTO_INCREMENT=35;

--
-- AUTO_INCREMENT for table `collections`
--
ALTER TABLE `collections`
  MODIFY `collection_id` int(11) NOT NULL AUTO_INCREMENT, AUTO_INCREMENT=17;

--
-- AUTO_INCREMENT for table `daily`
--
ALTER TABLE `daily`
  MODIFY `id` int(255) NOT NULL AUTO_INCREMENT, AUTO_INCREMENT=2;

--
-- AUTO_INCREMENT for table `odds`
--
ALTER TABLE `odds`
  MODIFY `odds_id` int(255) NOT NULL AUTO_INCREMENT, AUTO_INCREMENT=110;

--
-- AUTO_INCREMENT for table `skins`
--
ALTER TABLE `skins`
  MODIFY `skin_id` int(255) NOT NULL AUTO_INCREMENT, AUTO_INCREMENT=522;

--
-- AUTO_INCREMENT for table `specialitems`
--
ALTER TABLE `specialitems`
  MODIFY `id` int(11) NOT NULL AUTO_INCREMENT, AUTO_INCREMENT=410;

--
-- AUTO_INCREMENT for table `volume`
--
ALTER TABLE `volume`
  MODIFY `id` int(255) NOT NULL AUTO_INCREMENT, AUTO_INCREMENT=63;

--
-- Constraints for dumped tables
--

--
-- Constraints for table `skins`
--
ALTER TABLE `skins`
  ADD CONSTRAINT `skins_ibfk_1` FOREIGN KEY (`case_id`) REFERENCES `cases` (`case_id`),
  ADD CONSTRAINT `skins_ibfk_2` FOREIGN KEY (`odds`) REFERENCES `odds` (`odds_id`);

--
-- Constraints for table `specialitems`
--
ALTER TABLE `specialitems`
  ADD CONSTRAINT `specialitems_ibfk_1` FOREIGN KEY (`collection_id`) REFERENCES `cases` (`collection_id`),
  ADD CONSTRAINT `specialitems_ibfk_2` FOREIGN KEY (`odds`) REFERENCES `odds` (`odds_id`);
COMMIT;

/*!40101 SET CHARACTER_SET_CLIENT=@OLD_CHARACTER_SET_CLIENT */;
/*!40101 SET CHARACTER_SET_RESULTS=@OLD_CHARACTER_SET_RESULTS */;
/*!40101 SET COLLATION_CONNECTION=@OLD_COLLATION_CONNECTION */;
